Date,SD ,RHU ,AT,DGSR 
2009/1/1,76,51,-104,706
2009/1/2,58,53,-108,472
2009/1/3,79,55,-107,716
2009/1/4,79,56,-111,706
2009/1/5,79,57,-117,681
2009/1/6,78,60,-106,684
2009/1/7,79,64,-114,712
2009/1/8,79,62,-112,739
2009/1/9,79,61,-108,722
2009/1/10,79,64,-114,699
2009/1/11,79,59,-101,777
2009/1/12,79,61,-116,763
2009/1/13,79,57,-105,777
2009/1/14,78,55,-108,765
2009/1/15,77,49,-80,763
2009/1/16,76,54,-93,655
2009/1/17,79,51,-82,751
2009/1/18,74,55,-81,718
2009/1/19,81,50,-67,696
2009/1/20,82,52,-63,833
2009/1/21,65,49,-50,754
2009/1/22,75,24,-107,746
2009/1/23,81,26,-114,937
2009/1/24,82,23,-121,912
2009/1/25,83,22,-81,893
2009/1/26,84,35,-78,892
2009/1/27,84,43,-83,889
2009/1/28,84,36,-58,865
2009/1/29,79,34,-69,880
2009/1/30,85,34,-56,970
2009/1/31,85,35,-46,968
2009/2/1,74,51,-42,729
2009/2/2,89,51,-33,943
2009/2/3,89,44,-14,959
2009/2/4,59,46,-19,653
2009/2/5,86,44,-10,1012
2009/2/6,70,48,-11,840
2009/2/7,24,41,-8,521
2009/2/8,89,47,-15,1009
2009/2/9,86,45,-5,944
2009/2/10,88,43,7,1001
2009/2/11,43,44,3,634
2009/2/12,0,76,-11,1
2009/2/13,93,67,-77,1373
2009/2/14,96,59,-71,1287
2009/2/15,95,61,-72,1303
2009/2/16,93,60,-53,893
2009/2/17,97,58,-33,1181
2009/2/18,94,62,-62,1258
2009/2/19,98,52,-91,1364
2009/2/20,98,47,-68,1364
2009/2/21,70,45,-43,873
2009/2/22,73,54,-29,1009
2009/2/23,98,51,-41,1451
2009/2/24,99,47,-56,1442
2009/2/25,101,43,-47,1447
2009/2/26,102,37,-25,1458
2009/2/27,101,39,-10,1440
2009/2/28,103,38,7,1505
2009/3/1,103,35,26,1469
2009/3/2,103,42,4,1454
2009/3/3,103,38,15,1501
2009/3/4,103,29,6,1551
2009/3/5,106,32,25,1428
2009/3/6,96,31,17,1345
2009/3/7,106,28,39,1635
2009/3/8,97,33,31,1286
2009/3/9,102,30,52,1567
2009/3/10,77,32,53,1274
2009/3/11,96,69,-9,1770
2009/3/12,98,45,-14,1596
2009/3/13,105,37,-10,1776
2009/3/14,109,41,18,1642
2009/3/15,109,42,45,1609
2009/3/16,95,39,74,1269
2009/3/17,87,37,95,1443
2009/3/18,109,41,112,1780
2009/3/19,89,35,126,1281
2009/3/20,76,29,93,1133
2009/3/21,114,27,63,1868
2009/3/22,114,31,61,1547
2009/3/23,111,28,96,1817
2009/3/24,112,25,113,1673
2009/3/25,70,20,104,1263
2009/3/26,102,24,126,1847
2009/3/27,114,29,109,1977
2009/3/28,115,17,126,2055
2009/3/29,115,21,117,2075
2009/3/30,115,17,135,2085
2009/3/31,116,15,136,2146
2009/4/1,105,11,159,1931
2009/4/2,60,17,128,1113
2009/4/3,117,27,150,2110
2009/4/4,115,18,152,1987
2009/4/5,117,12,179,2172
2009/4/6,117,12,176,2092
2009/4/7,116,13,191,2035
2009/4/8,69,21,198,1118
2009/4/9,118,28,167,2163
2009/4/10,107,30,169,1783
2009/4/11,118,26,189,2223
2009/4/12,119,22,202,2196
2009/4/13,121,18,223,2012
2009/4/14,118,23,210,2144
2009/4/15,121,26,210,2220
2009/4/16,118,22,210,2199
2009/4/17,96,27,181,1686
2009/4/18,119,31,148,1990
2009/4/19,124,29,146,2440
2009/4/20,121,29,154,2371
2009/4/21,123,28,171,2019
2009/4/22,125,22,186,2508
2009/4/23,2,10,161,966
2009/4/24,109,11,169,1681
2009/4/25,111,16,168,2091
2009/4/26,105,17,181,2063
2009/4/27,109,24,190,2137
2009/4/28,119,33,183,2210
2009/4/29,65,21,185,1165
2009/4/30,126,43,116,2584
2009/5/1,127,30,145,2541
2009/5/2,127,28,172,2612
2009/5/3,128,28,201,2548
2009/5/4,132,33,220,2569
2009/5/5,136,24,258,2403
2009/5/6,133,22,240,2445
2009/5/7,37,21,211,1145
2009/5/8,113,30,177,2193
2009/5/9,136,33,149,2736
2009/5/10,136,30,153,2514
2009/5/11,134,30,173,2635
2009/5/12,133,29,191,2394
2009/5/13,131,31,204,2661
2009/5/14,135,24,214,2541
2009/5/15,126,27,226,2384
2009/5/16,137,24,222,2750
2009/5/17,137,22,219,2282
2009/5/18,112,38,206,2477
2009/5/19,122,35,211,2400
2009/5/20,103,33,191,2609
2009/5/21,136,36,184,2918
2009/5/22,136,29,208,2813
2009/5/23,109,24,220,2515
2009/5/24,139,40,214,2852
2009/5/25,109,30,234,1874
2009/5/26,61,29,210,1473
2009/5/27,114,27,156,2632
2009/5/28,139,29,179,2978
2009/5/29,139,29,199,2978
2009/5/30,139,29,218,2957
2009/5/31,141,24,241,2894
2009/6/1,137,23,266,2543
2009/6/2,140,29,252,2890
2009/6/3,139,19,293,2748
2009/6/4,132,28,222,2150
2009/6/5,140,23,224,2967
2009/6/6,140,25,224,2848
2009/6/7,139,24,208,2938
2009/6/8,137,26,235,2573
2009/6/9,138,27,261,2538
2009/6/10,120,31,253,1845
2009/6/11,137,31,258,2642
2009/6/12,134,33,260,2766
2009/6/13,140,29,280,2390
2009/6/14,130,44,235,2064
2009/6/15,140,28,228,3044
2009/6/16,142,27,244,2991
2009/6/17,107,28,264,2010
2009/6/18,67,39,187,1513
2009/6/19,142,28,206,3002
2009/6/20,142,35,236,2661
2009/6/21,142,30,265,2935
2009/6/22,142,25,273,3030
2009/6/23,142,25,284,3019
2009/6/24,139,24,292,2833
2009/6/25,136,31,289,2478
2009/6/26,138,29,265,2968
2009/6/27,136,21,246,2374
2009/6/28,141,26,259,2897
2009/6/29,140,31,282,2928
2009/6/30,140,21,305,2697
2009/7/1,76,34,235,1373
2009/7/2,91,73,187,1771
2009/7/3,140,51,219,2880
2009/7/4,140,45,248,2537
2009/7/5,132,37,265,2076
2009/7/6,113,31,278,2020
2009/7/7,130,37,286,2669
2009/7/8,108,37,279,2158
2009/7/9,140,44,262,2782
2009/7/10,140,29,267,2885
2009/7/11,84,26,281,1947
2009/7/12,140,41,270,2812
2009/7/13,136,34,296,2690
2009/7/14,87,25,310,1588
2009/7/15,70,39,273,1116
2009/7/16,131,56,244,2649
2009/7/17,132,46,260,2581
2009/7/18,130,33,273,2679
2009/7/19,136,34,276,2725
2009/7/20,136,26,295,2303
2009/7/21,138,31,275,2709
2009/7/22,137,26,289,2695
2009/7/23,138,29,304,2702
2009/7/24,95,24,305,1753
2009/7/25,130,32,281,2621
2009/7/26,133,25,287,2687
2009/7/27,83,38,257,1721
2009/7/28,133,43,267,2581
2009/7/29,135,30,295,2613
2009/7/30,74,33,272,1211
2009/7/31,138,41,249,2694
2009/8/1,138,31,275,2730
2009/8/2,138,34,269,2586
2009/8/3,120,31,270,1976
2009/8/4,103,37,272,1479
2009/8/5,106,33,273,2244
2009/8/6,137,30,274,2554
2009/8/7,117,49,226,2294
2009/8/8,137,45,225,2632
2009/8/9,137,40,246,2632
2009/8/10,137,32,265,2572
2009/8/11,137,33,276,2531
2009/8/12,109,27,276,1767
2009/8/13,124,40,250,2440
2009/8/14,122,22,252,2050
2009/8/15,117,34,219,2380
2009/8/16,90,41,209,1633
2009/8/17,124,33,223,2109
2009/8/18,127,32,212,1979
2009/8/19,127,48,207,2416
2009/8/20,111,40,233,2106
2009/8/21,125,40,241,2308
2009/8/22,37,49,212,835
2009/8/23,125,43,228,2331
2009/8/24,125,38,229,2122
2009/8/25,125,35,245,2306
2009/8/26,125,39,232,2339
2009/8/27,124,37,234,1875
2009/8/28,107,43,237,2116
2009/8/29,125,29,261,2233
2009/8/30,118,30,253,1956
2009/8/31,119,44,223,2143
2009/9/1,118,42,220,2102
2009/9/2,99,39,228,1754
2009/9/3,56,42,191,1118
2009/9/4,81,53,150,1460
2009/9/5,0,58,172,381
2009/9/6,115,60,186,1717
2009/9/7,117,57,186,2065
2009/9/8,112,58,192,1417
2009/9/9,117,54,204,2017
2009/9/10,117,33,228,1996
2009/9/11,115,38,199,1885
2009/9/12,116,41,189,1866
2009/9/13,114,41,200,1750
2009/9/14,114,44,190,1852
2009/9/15,114,41,204,1801
2009/9/16,114,35,207,1882
2009/9/17,112,41,209,1812
2009/9/18,92,38,194,1138
2009/9/19,113,44,132,1896
2009/9/20,112,48,123,1752
2009/9/21,112,46,145,1791
2009/9/22,109,43,170,1706
2009/9/23,82,50,174,1157
2009/9/24,80,49,185,1473
2009/9/25,110,49,160,1710
2009/9/26,110,50,172,1466
2009/9/27,110,47,181,1627
2009/9/28,108,37,188,1321
2009/9/29,100,45,188,1449
2009/9/30,110,49,170,1677
2009/10/1,109,51,153,1662
2009/10/2,108,37,179,1538
2009/10/3,107,42,171,1539
2009/10/4,102,31,196,1345
2009/10/5,101,54,153,1428
2009/10/6,105,54,134,1545
2009/10/7,106,46,131,1511
2009/10/8,106,45,131,1505
2009/10/9,106,42,127,1487
2009/10/10,105,36,136,1470
2009/10/11,105,39,120,1456
2009/10/12,102,38,123,1354
2009/10/13,100,49,130,1329
2009/10/14,60,43,111,677
2009/10/15,103,46,66,1382
2009/10/16,101,39,80,1342
2009/10/17,85,42,91,1098
2009/10/18,101,40,111,1191
2009/10/19,100,50,90,1156
2009/10/20,93,44,106,1149
2009/10/21,102,53,102,1243
2009/10/22,98,56,92,1215
2009/10/23,93,53,93,1195
2009/10/24,85,41,99,1029
2009/10/25,95,51,59,1226
2009/10/26,95,44,60,1152
2009/10/27,92,45,56,1113
2009/10/28,91,47,58,1058
2009/10/29,64,45,50,646
2009/10/30,82,48,70,921
2009/10/31,89,58,34,1113
2009/11/1,89,43,47,1105
2009/11/2,87,34,25,1074
2009/11/3,86,35,31,1032
2009/11/4,86,38,39,976
2009/11/5,86,39,47,862
2009/11/6,85,39,49,848
2009/11/7,77,41,61,672
2009/11/8,30,55,67,506
2009/11/9,84,63,45,922
2009/11/10,30,51,49,458
2009/11/11,0,80,2,84
2009/11/12,63,76,-8,636
2009/11/13,52,72,3,653
2009/11/14,53,56,5,645
2009/11/15,7,73,-26,109
2009/11/16,83,76,-72,951
2009/11/17,82,73,-92,930
2009/11/18,81,67,-66,822
2009/11/19,81,70,-72,787
2009/11/20,81,57,-51,834
2009/11/21,82,60,-49,820
2009/11/22,80,68,-56,717
2009/11/23,81,69,-53,766
2009/11/24,78,70,-42,709
2009/11/25,81,67,-37,785
2009/11/26,71,70,-39,694
2009/11/27,81,69,-37,547
2009/11/28,80,69,-35,749
2009/11/29,80,65,-35,706
2009/11/30,76,69,-38,688
2009/12/1,80,70,-46,746
2009/12/2,80,63,-38,722
2009/12/3,35,67,-44,407
2009/12/4,83,59,-43,729
2009/12/5,78,59,-66,695
2009/12/6,74,52,-48,648
2009/12/7,80,52,-32,708
2009/12/8,80,61,-49,672
2009/12/9,53,62,-47,561
2009/12/10,77,62,-60,683
2009/12/11,76,53,-79,578
2009/12/12,78,48,-70,664
2009/12/13,62,45,-68,630
2009/12/14,73,49,-55,570
2009/12/15,76,60,-72,662
2009/12/16,76,64,-77,703
2009/12/17,71,66,-72,586
2009/12/18,76,76,-63,623
2009/12/19,77,67,-70,630
2009/12/20,77,72,-73,625
2009/12/21,74,74,-87,597
2009/12/22,40,70,-54,470
2009/12/23,0,84,-87,196
2009/12/24,72,35,-94,631
2009/12/25,36,44,-104,424
2009/12/26,76,60,-129,678
2009/12/27,76,52,-120,643
2009/12/28,50,52,-108,499
2009/12/29,76,56,-90,665
2009/12/30,76,61,-107,642
2009/12/31,72,58,-72,578
2010/1/1,53,56,-79,448
2010/1/2,77,55,-56,677
2010/1/3,75,56,-51,638
2010/1/4,64,60,-62,615
2010/1/5,69,55,-27,599
2010/1/6,75,62,-42,548
2010/1/7,61,58,-40,563
2010/1/8,73,54,-28,671
2010/1/9,74,70,-18,658
2010/1/10,80,54,-69,768
2010/1/11,80,52,-94,778
2010/1/12,80,51,-87,758
2010/1/13,80,60,-72,675
2010/1/14,69,66,-81,665
2010/1/15,78,63,-64,666
2010/1/16,40,64,-66,525
2010/1/17,75,60,-56,728
2010/1/18,66,55,-52,661
2010/1/19,56,56,-72,605
2010/1/20,81,47,-149,872
2010/1/21,84,47,-175,895
2010/1/22,85,39,-158,880
2010/1/23,85,38,-145,856
2010/1/24,78,28,-85,718
2010/1/25,81,32,-101,871
2010/1/26,70,78,-62,782
2010/1/27,82,68,-75,861
2010/1/28,85,66,-65,908
2010/1/29,88,61,-93,996
2010/1/30,88,58,-80,901
2010/1/31,88,57,-75,970
2010/2/1,81,49,-52,902
2010/2/2,88,53,-47,1031
2010/2/3,89,53,-56,930
2010/2/4,89,52,-54,980
2010/2/5,51,46,-31,721
2010/2/6,90,43,-44,989
2010/2/7,84,43,-48,862
2010/2/8,65,43,-66,681
2010/2/9,69,39,-65,879
2010/2/10,88,28,-42,786
2010/2/11,89,58,-65,946
2010/2/12,90,60,-75,1070
2010/2/13,44,53,-73,725
2010/2/14,84,51,-65,991
2010/2/15,96,49,-79,1246
2010/2/16,97,37,-70,1299
2010/2/17,97,35,-65,1307
2010/2/18,97,41,-42,1255
2010/2/19,85,48,-39,1024
2010/2/20,95,47,-23,1171
2010/2/21,98,45,-7,1315
2010/2/22,96,42,3,1298
2010/2/23,46,42,10,798
2010/2/24,82,46,25,1151
2010/2/25,92,45,20,972
2010/2/26,102,39,38,1370
2010/2/27,87,44,42,975
2010/2/28,51,49,57,996
2010/3/1,104,52,6,1541
2010/3/2,104,39,14,1474
2010/3/3,103,26,2,1417
2010/3/4,103,22,-48,1526
2010/3/5,108,16,-29,1621
2010/3/6,97,20,-18,1550
2010/3/7,102,19,-22,1577
2010/3/8,106,16,-45,1719
2010/3/9,108,22,-49,1660
2010/3/10,48,22,-15,861
2010/3/11,90,23,19,1307
2010/3/12,99,21,55,1566
2010/3/13,11,62,30,613
2010/3/14,111,49,-13,1841
2010/3/15,98,36,8,1370
2010/3/16,100,26,45,1579
2010/3/17,100,29,87,1166
2010/3/18,105,25,118,1290
2010/3/19,91,37,90,1248
2010/3/20,80,13,84,1314
2010/3/21,62,36,55,1072
2010/3/22,107,32,14,1839
2010/3/23,115,26,24,1941
2010/3/24,116,27,26,2066
2010/3/25,116,21,71,1896
2010/3/26,115,19,87,2046
2010/3/27,114,24,106,1838
2010/3/28,97,25,99,1603
2010/3/29,106,38,44,1938
2010/3/30,115,27,45,2038
2010/3/31,120,15,14,2185
2010/4/1,121,17,30,2229
2010/4/2,120,18,61,2084
2010/4/3,119,21,80,2054
2010/4/4,120,19,101,2104
2010/4/5,114,15,115,1681
2010/4/6,123,21,108,1949
2010/4/7,113,30,124,1919
2010/4/8,82,30,131,1603
2010/4/9,101,16,82,2005
2010/4/10,43,22,69,886
2010/4/11,124,22,40,2429
2010/4/12,127,11,30,2486
2010/4/13,82,20,55,1249
2010/4/14,123,35,87,2364
2010/4/15,113,32,119,1880
2010/4/16,94,29,165,1873
2010/4/17,119,38,152,2136
2010/4/18,126,26,163,2357
2010/4/19,64,38,107,1175
2010/4/20,79,69,72,1849
2010/4/21,127,40,100,2569
2010/4/22,129,20,143,2566
2010/4/23,129,25,159,2535
2010/4/24,104,26,129,1604
2010/4/25,129,26,111,2577
2010/4/26,119,17,153,2422
2010/4/27,123,16,186,2323
2010/4/28,124,17,204,2295
2010/4/29,129,16,244,2464
2010/4/30,130,20,240,2518
2010/5/1,129,21,258,2338
2010/5/2,77,24,232,1623
2010/5/3,0,53,166,195
2010/5/4,133,54,149,2399
2010/5/5,134,21,185,2651
2010/5/6,135,27,191,2738
2010/5/7,133,19,209,2393
2010/5/8,133,16,164,2764
2010/5/9,136,15,170,2829
2010/5/10,128,23,203,2552
2010/5/11,136,22,234,2280
2010/5/12,38,30,172,1439
2010/5/13,137,31,160,2820
2010/5/14,137,30,184,2683
2010/5/15,79,30,138,1705
2010/5/16,95,44,111,2027
2010/5/17,136,37,130,2656
2010/5/18,139,25,168,2931
2010/5/19,135,21,197,2678
2010/5/20,132,21,233,2484
2010/5/21,136,31,226,2691
2010/5/22,129,23,235,1968
2010/5/23,124,33,224,2242
2010/5/24,80,25,220,1786
2010/5/25,3,59,157,296
2010/5/26,129,55,176,2704
2010/5/27,135,34,209,2894
2010/5/28,132,33,231,2824
2010/5/29,134,20,270,2440
2010/5/30,127,22,259,1837
2010/5/31,125,44,233,1745
2010/6/1,133,49,223,2726
2010/6/2,134,37,255,2561
2010/6/3,112,35,262,2544
2010/6/4,130,25,278,2514
2010/6/5,130,24,260,2421
2010/6/6,101,27,246,1647
2010/6/7,138,16,237,3040
2010/6/8,139,16,209,3096
2010/6/9,139,19,232,3027
2010/6/10,139,25,250,3076
2010/6/11,137,20,275,2882
2010/6/12,138,21,295,2967
2010/6/13,138,28,283,2797
2010/6/14,138,25,296,2623
2010/6/15,139,20,291,2979
2010/6/16,140,36,270,2584
2010/6/17,140,35,280,2922
2010/6/18,138,27,299,2261
2010/6/19,132,23,305,2408
2010/6/20,133,23,313,2812
2010/6/21,133,18,338,2777
2010/6/22,102,29,316,2036
2010/6/23,94,32,298,1859
2010/6/24,140,46,276,2926
2010/6/25,130,25,309,2707
2010/6/26,66,36,237,1501
2010/6/27,78,79,171,1559
2010/6/28,136,63,219,2944
2010/6/29,127,46,255,2569
2010/6/30,139,37,268,2847
2010/7/1,126,33,273,2543
2010/7/2,137,30,268,2878
2010/7/3,100,38,251,2111
2010/7/4,136,40,269,2859
2010/7/5,134,36,286,2458
2010/7/6,112,39,285,1890
2010/7/7,53,47,249,1101
2010/7/8,136,57,250,2898
2010/7/9,135,38,275,2787
2010/7/10,135,32,295,2443
2010/7/11,117,39,273,2049
2010/7/12,70,57,235,1585
2010/7/13,135,48,244,2359
2010/7/14,138,47,260,2905
2010/7/15,131,40,281,2736
2010/7/16,138,27,301,2889
2010/7/17,136,40,293,2865
2010/7/18,132,36,301,2274
2010/7/19,136,34,322,2534
2010/7/20,83,35,294,1567
2010/7/21,133,46,276,2799
2010/7/22,132,42,292,2378
2010/7/23,73,40,306,1831
2010/7/24,95,46,277,1623
2010/7/25,122,44,308,2326
2010/7/26,134,33,357,2496
2010/7/27,134,36,331,2486
2010/7/28,63,36,293,1211
2010/7/29,111,37,278,2085
2010/7/30,126,33,282,2338
2010/7/31,127,43,268,2338
2010/8/1,24,49,269,829
2010/8/2,116,41,271,2426
2010/8/3,107,33,251,2196
2010/8/4,138,31,234,2731
2010/8/5,134,35,243,2621
2010/8/6,21,42,255,924
2010/8/7,131,42,250,2298
2010/8/8,117,40,259,1815
2010/8/9,102,42,267,2068
2010/8/10,110,29,274,2107
2010/8/11,123,38,243,2120
2010/8/12,136,37,213,2550
2010/8/13,133,30,213,2617
2010/8/14,126,34,212,2616
2010/8/15,108,37,232,1994
2010/8/16,111,31,255,2125
2010/8/17,127,25,267,2507
2010/8/18,127,26,236,2589
2010/8/19,121,37,222,2095
2010/8/20,127,29,265,2463
2010/8/21,128,35,254,2476
2010/8/22,128,36,246,2417
2010/8/23,127,35,257,2328
2010/8/24,127,27,275,2367
2010/8/25,110,19,298,1391
2010/8/26,125,13,325,1641
2010/8/27,116,25,286,1770
2010/8/28,86,41,265,1676
2010/8/29,7,53,229,456
2010/8/30,123,62,209,2207
2010/8/31,125,45,220,2030
2010/9/1,124,48,231,2227
2010/9/2,124,29,264,2266
2010/9/3,123,34,241,2156
2010/9/4,55,58,170,738
2010/9/5,94,57,144,1976
2010/9/6,96,56,141,1885
2010/9/7,120,60,146,2160
2010/9/8,123,55,174,2143
2010/9/9,123,50,191,2045
2010/9/10,123,47,206,1985
2010/9/11,120,51,204,1964
2010/9/12,111,35,225,1859
2010/9/13,84,32,236,1318
2010/9/14,75,35,193,1200
2010/9/15,108,46,168,1497
2010/9/16,112,54,180,1834
2010/9/17,113,49,202,1863
2010/9/18,113,41,203,1875
2010/9/19,29,37,175,716
2010/9/20,0,66,148,22
2010/9/21,115,58,163,1895
2010/9/22,116,50,183,1857
2010/9/23,110,53,172,1506
2010/9/24,111,39,195,1836
2010/9/25,114,29,183,1849
2010/9/26,111,47,155,1500
2010/9/27,105,47,169,1742
2010/9/28,108,44,173,1591
2010/9/29,93,48,169,1525
2010/9/30,90,37,160,1565
2010/10/1,110,43,139,1746
2010/10/2,110,44,135,1721
2010/10/3,110,45,135,1673
2010/10/4,107,49,150,1561
2010/10/5,107,48,156,1544
2010/10/6,107,43,169,1486
2010/10/7,103,43,172,1332
2010/10/8,63,46,144,959
2010/10/9,80,49,88,1371
2010/10/10,104,42,83,1521
2010/10/11,106,48,72,1490
2010/10/12,106,50,81,1382
2010/10/13,96,48,109,1385
2010/10/14,106,49,100,1420
2010/10/15,106,47,101,1403
2010/10/16,98,50,112,1113
2010/10/17,85,44,146,1164
2010/10/18,100,53,118,1103
2010/10/19,100,53,122,1237
2010/10/20,99,55,123,1171
2010/10/21,98,63,117,1207
2010/10/22,97,40,142,1205
2010/10/23,26,33,81,656
2010/10/24,89,35,77,1228
2010/10/25,13,55,62,413
2010/10/26,94,73,44,1215
2010/10/27,94,65,39,1205
2010/10/28,94,57,50,1068
2010/10/29,90,55,56,1169
2010/10/30,90,57,58,1117
2010/10/31,64,59,69,814
2010/11/1,90,62,56,1132
2010/11/2,89,54,60,1099
2010/11/3,88,56,59,1058
2010/11/4,88,55,67,1072
2010/11/5,64,51,73,676
2010/11/6,88,63,27,1056
2010/11/7,87,63,21,1057
2010/11/8,84,63,35,870
2010/11/9,78,62,38,824
2010/11/10,85,31,88,960
2010/11/11,85,36,41,947
2010/11/12,89,43,32,987
2010/11/13,89,46,30,968
2010/11/14,89,44,40,948
2010/11/15,88,43,36,937
2010/11/16,86,48,28,866
2010/11/17,2,57,30,332
2010/11/18,78,61,20,673
2010/11/19,85,56,26,849
2010/11/20,80,41,24,815
2010/11/21,86,40,-18,870
2010/11/22,84,44,-27,823
2010/11/23,85,46,-25,851
2010/11/24,86,53,-24,813
2010/11/25,85,52,-27,736
2010/11/26,83,51,-27,807
2010/11/27,82,51,-25,797
2010/11/28,81,53,-20,781
2010/11/29,81,58,-23,678
2010/11/30,78,57,-23,652
2010/12/1,80,28,-34,715
2010/12/2,79,23,-18,745
2010/12/3,78,21,-7,621
2010/12/4,0,26,0,288
2010/12/5,78,14,-57,747
2010/12/6,78,15,-79,722
2010/12/7,76,16,-74,644
2010/12/8,76,18,-77,647
2010/12/9,69,18,-86,488
2010/12/10,38,20,-72,436
2010/12/11,71,19,-83,682
2010/12/12,76,15,-72,695
2010/12/13,78,11,-102,712
2010/12/14,76,9,-114,715
2010/12/15,77,6,-131,711
2010/12/16,78,6,-127,733
2010/12/17,78,6,-140,659
2010/12/18,78,7,-128,653
2010/12/19,78,9,-108,650
2010/12/20,77,10,-106,600
2010/12/21,58,9,-96,495
2010/12/22,72,9,-85,603
2010/12/23,72,15,-84,597
2010/12/24,12,27,-72,77
2010/12/25,72,21,-96,686
2010/12/26,25,26,-82,548
2010/12/27,53,24,-97,663
2010/12/28,60,21,-113,536
2010/12/29,77,10,-154,771
2010/12/30,77,9,-180,746
2010/12/31,70,10,-166,570
2011/1/1,76,70,-151,691
2011/1/2,0,76,-135,343
2011/1/3,78,72,-188,740
2011/1/4,78,66,-207,759
2011/1/5,53,63,-185,600
2011/1/6,73,68,-155,720
2011/1/7,76,67,-188,755
2011/1/8,76,64,-173,770
2011/1/9,70,66,-196,632
2011/1/10,78,68,-178,790
2011/1/11,76,72,-194,798
2011/1/12,76,69,-184,799
2011/1/13,71,68,-166,735
2011/1/14,79,62,-156,843
2011/1/15,79,64,-191,960
2011/1/16,80,63,-188,873
2011/1/17,80,61,-177,750
2011/1/18,79,63,-170,876
2011/1/19,71,65,-157,701
2011/1/20,81,65,-157,878
2011/1/21,81,64,-161,897
2011/1/22,82,64,-154,953
2011/1/23,77,62,-149,900
2011/1/24,40,63,-138,674
2011/1/25,81,64,-134,889
2011/1/26,83,61,-129,899
2011/1/27,83,63,-150,925
2011/1/28,84,59,-143,990
2011/1/29,85,61,-153,1025
2011/1/30,86,62,-150,1013
2011/1/31,86,60,-131,1082
2011/2/1,86,62,-123,841
2011/2/2,83,55,-89,1011
2011/2/3,89,57,-74,1008
2011/2/4,83,61,-68,777
2011/2/5,94,51,-28,1101
2011/2/6,86,55,-21,1047
2011/2/7,73,52,-7,895
2011/2/8,74,55,-4,829
2011/2/9,54,70,-3,791
2011/2/10,93,62,-12,1120
2011/2/11,70,62,-17,826
2011/2/12,95,46,-7,1242
2011/2/13,95,46,-21,1277
2011/2/14,95,39,-18,1125
2011/2/15,94,46,-20,1236
2011/2/16,96,41,7,1295
2011/2/17,97,47,-2,1291
2011/2/18,97,46,10,1293
2011/2/19,98,42,21,1325
2011/2/20,97,35,28,1344
2011/2/21,65,46,-16,728
2011/2/22,97,48,11,1150
2011/2/23,85,46,10,1098
2011/2/24,84,45,15,1273
2011/2/25,97,36,1,1194
2011/2/26,97,29,-28,1351
2011/2/27,103,27,-63,1329
2011/2/28,99,30,-63,1181
2011/3/1,102,26,-45,1561
2011/3/2,97,26,-22,1386
2011/3/3,84,20,-15,984
2011/3/4,97,20,0,1456
2011/3/5,106,25,14,1494
2011/3/6,99,25,33,1559
2011/3/7,94,23,46,1464
2011/3/8,105,22,58,1632
2011/3/9,107,25,45,1567
2011/3/10,103,24,53,1617
2011/3/11,99,24,67,1375
2011/3/12,0,56,30,151
2011/3/13,73,74,-29,1002
2011/3/14,107,50,-26,1790
2011/3/15,108,40,3,1784
2011/3/16,85,40,20,1219
2011/3/17,112,30,7,1935
2011/3/18,107,29,-7,1788
2011/3/19,95,52,1,1472
2011/3/20,109,23,-29,1893
2011/3/21,111,19,-32,2059
2011/3/22,113,27,-25,2023
2011/3/23,114,25,2,2062
2011/3/24,114,22,15,1937
2011/3/25,114,16,45,2066
2011/3/26,115,18,59,2010
2011/3/27,115,20,87,1875
2011/3/28,113,16,117,1744
2011/3/29,108,16,95,1793
2011/3/30,110,19,118,1965
2011/3/31,105,21,123,1635
2011/4/1,110,20,124,2047
2011/4/2,114,18,146,2016
2011/4/3,115,15,143,1976
2011/4/4,65,20,118,1079
2011/4/5,81,23,68,1374
2011/4/6,120,23,44,2134
2011/4/7,119,27,74,2082
2011/4/8,116,25,103,1917
2011/4/9,119,23,131,2073
2011/4/10,120,15,161,2262
2011/4/11,120,12,173,2300
2011/4/12,116,14,172,1753
2011/4/13,121,16,187,2335
2011/4/14,125,14,204,2400
2011/4/15,120,18,201,1892
2011/4/16,125,20,202,2425
2011/4/17,126,9,226,2286
2011/4/18,125,11,220,1946
2011/4/19,91,17,202,1533
2011/4/20,123,19,210,2381
2011/4/21,120,21,184,2151
2011/4/22,123,16,205,2451
2011/4/23,117,14,211,2348
2011/4/24,97,21,197,1491
2011/4/25,123,22,253,2198
2011/4/26,104,23,245,1815
2011/4/27,129,28,240,2439
2011/4/28,108,30,206,2139
2011/4/29,128,20,153,2560
2011/4/30,95,19,150,1523
2011/5/1,126,24,169,2262
2011/5/2,109,41,170,2009
2011/5/3,131,40,170,2426
2011/5/4,118,25,190,2431
2011/5/5,132,23,211,2379
2011/5/6,126,23,231,2397
2011/5/7,125,30,214,2194
2011/5/8,124,31,185,2579
2011/5/9,76,35,173,1678
2011/5/10,135,21,174,2767
2011/5/11,138,13,161,2836
2011/5/12,138,13,189,2835
2011/5/13,135,22,192,2234
2011/5/14,138,17,219,2863
2011/5/15,131,25,225,2736
2011/5/16,139,26,254,2680
2011/5/17,105,33,231,1863
2011/5/18,129,26,207,2192
2011/5/19,138,27,205,2218
2011/5/20,138,17,201,2907
2011/5/21,139,11,218,2340
2011/5/22,139,16,219,2823
2011/5/23,115,21,205,2223
2011/5/24,137,25,199,2975
2011/5/25,139,20,221,2939
2011/5/26,124,31,229,2315
2011/5/27,105,28,233,1916
2011/5/28,139,19,235,1999
2011/5/29,139,17,226,3040
2011/5/30,139,21,233,2983
2011/5/31,139,24,241,2169
2011/6/1,136,31,244,2818
2011/6/2,131,26,275,2475
2011/6/3,105,22,272,1695
2011/6/4,100,45,230,2086
2011/6/5,135,42,251,2806
2011/6/6,119,25,273,2307
2011/6/7,135,19,274,2573
2011/6/8,128,20,267,2614
2011/6/9,132,36,243,2566
2011/6/10,97,32,250,1382
2011/6/11,126,38,249,2470
2011/6/12,137,39,266,2808
2011/6/13,135,32,292,2793
2011/6/14,122,18,327,2096
2011/6/15,84,30,298,2155
2011/6/16,12,54,238,865
2011/6/17,113,62,244,2468
2011/6/18,125,56,254,2666
2011/6/19,30,71,222,601
2011/6/20,122,65,231,2069
2011/6/21,137,45,257,2896
2011/6/22,137,40,266,2695
2011/6/23,77,29,286,1863
2011/6/24,133,34,277,2827
2011/6/25,137,30,270,2925
2011/6/26,137,32,274,2856
2011/6/27,106,19,310,2144
2011/6/28,115,32,274,2732
2011/6/29,137,29,278,2762
2011/6/30,76,37,265,1474
2011/7/1,137,39,271,2876
2011/7/2,39,57,234,1028
2011/7/3,130,58,238,2630
2011/7/4,132,42,251,2881
2011/7/5,137,35,253,2967
2011/7/6,137,34,236,2943
2011/7/7,134,35,244,2888
2011/7/8,135,16,295,2550
2011/7/9,137,28,271,2897
2011/7/10,138,25,283,2854
2011/7/11,137,25,277,2752
2011/7/12,138,37,281,2868
2011/7/13,138,24,298,2843
2011/7/14,138,29,306,2791
2011/7/15,138,26,324,2763
2011/7/16,135,21,339,2558
2011/7/17,124,28,310,2351
2011/7/18,112,35,296,1693
2011/7/19,127,34,318,2487
2011/7/20,132,29,340,2671
2011/7/21,60,26,325,1167
2011/7/22,136,35,283,2576
2011/7/23,137,27,300,2727
2011/7/24,133,28,300,2088
2011/7/25,135,33,292,2450
2011/7/26,103,24,272,1687
2011/7/27,63,39,238,1001
2011/7/28,137,47,227,2708
2011/7/29,137,35,250,2727
2011/7/30,137,33,267,2674
2011/7/31,137,31,289,2641
2011/8/1,125,35,286,2233
2011/8/2,79,24,319,1551
2011/8/3,133,32,294,2489
2011/8/4,97,37,275,1996
2011/8/5,136,42,269,2546
2011/8/6,130,38,279,1779
2011/8/7,136,30,299,2511
2011/8/8,137,35,278,2500
2011/8/9,127,30,296,2433
2011/8/10,133,35,266,2323
2011/8/11,134,38,254,2242
2011/8/12,90,38,239,1550
2011/8/13,20,45,249,752
2011/8/14,109,41,264,2129
2011/8/15,128,55,239,2378
2011/8/16,127,52,239,2014
2011/8/17,112,37,256,1692
2011/8/18,127,45,254,2306
2011/8/19,96,44,262,2019
2011/8/20,126,40,275,2337
2011/8/21,126,33,280,2319
2011/8/22,109,28,296,1979
2011/8/23,126,44,237,2350
2011/8/24,126,49,232,2303
2011/8/25,124,44,245,2261
2011/8/26,124,46,257,2101
2011/8/27,124,40,276,2077
2011/8/28,124,42,258,2090
2011/8/29,124,33,243,2119
2011/8/30,116,37,232,2148
2011/8/31,119,35,207,2051
2011/9/1,114,42,205,1787
2011/9/2,105,26,246,2009
2011/9/3,116,38,226,2060
2011/9/4,112,37,220,1869
2011/9/5,81,36,223,1506
2011/9/6,118,42,207,2089
2011/9/7,115,37,207,2100
2011/9/8,112,26,205,1947
2011/9/9,121,27,196,2115
2011/9/10,120,38,180,2036
2011/9/11,112,37,196,1923
2011/9/12,114,33,213,1931
2011/9/13,112,26,195,2006
2011/9/14,115,23,176,2055
2011/9/15,115,39,137,1953
2011/9/16,115,44,139,1969
2011/9/17,114,16,195,1870
2011/9/18,112,24,188,1682
2011/9/19,112,29,183,1764
2011/9/20,109,40,163,1782
2011/9/21,109,45,171,1585
2011/9/22,108,44,176,1712
2011/9/23,106,37,195,1694
2011/9/24,104,51,175,1711
2011/9/25,103,40,185,1606
2011/9/26,96,33,198,1417
2011/9/27,103,33,134,1745
2011/9/28,102,30,127,1756
2011/9/29,100,45,109,1748
2011/9/30,98,43,111,1627
2011/10/1,101,41,121,1638
2011/10/2,102,35,144,1470
2011/10/3,101,38,137,1510
2011/10/4,103,41,142,1488
2011/10/5,102,45,150,1435
2011/10/6,101,43,147,1326
2011/10/7,101,49,142,1203
2011/10/8,86,53,140,1323
2011/10/9,101,56,122,1244
2011/10/10,84,51,121,1198
2011/10/11,87,60,77,986
2011/10/12,94,57,62,1430
2011/10/13,91,46,83,1417
2011/10/14,94,49,85,1376
2011/10/15,94,43,92,1406
2011/10/16,95,47,85,1357
2011/10/17,92,41,93,1293
2011/10/18,91,42,97,1255
2011/10/19,91,41,110,1222
2011/10/20,90,47,116,1127
2011/10/21,89,62,92,1166
2011/10/22,89,51,85,975
2011/10/23,89,40,109,1123
2011/10/24,87,33,111,1066
2011/10/25,86,54,54,1142
2011/10/26,87,53,60,1006
2011/10/27,88,51,71,1103
2011/10/28,88,50,86,967
2011/10/29,51,54,63,558
2011/10/30,0,58,69,313
2011/10/31,86,68,26,1069
2011/11/1,80,58,19,928
2011/11/2,10,69,29,171
2011/11/3,86,71,38,1005
2011/11/4,86,64,37,978
2011/11/5,82,59,23,995
2011/11/6,82,54,36,839
2011/11/7,82,57,45,952
2011/11/8,82,41,69,959
2011/11/9,71,43,42,899
2011/11/10,67,55,33,585
2011/11/11,81,44,32,957
2011/11/12,80,43,28,892
2011/11/13,80,49,12,886
2011/11/14,83,45,34,867
2011/11/15,82,47,34,811
2011/11/16,28,68,28,417
2011/11/17,53,75,4,660
2011/11/18,80,62,-1,881
2011/11/19,80,67,-10,813
2011/11/20,77,58,17,687
2011/11/21,65,77,30,788
2011/11/22,76,75,4,773
2011/11/23,70,72,1,616
2011/11/24,70,52,13,714
2011/11/25,72,65,2,562
2011/11/26,77,59,15,717
2011/11/27,73,59,17,653
2011/11/28,67,53,32,680
2011/11/29,72,56,21,683
2011/11/30,64,51,21,624
2011/12/1,76,62,-2,693
2011/12/2,50,61,-1,471
2011/12/3,68,62,2,658
2011/12/4,77,60,3,655
2011/12/5,65,68,-28,656
2011/12/6,77,55,-30,699
2011/12/7,77,57,-57,686
2011/12/8,76,51,-68,686
2011/12/9,78,39,-50,716
2011/12/10,77,50,-82,705
2011/12/11,78,48,-76,695
2011/12/12,78,55,-64,611
2011/12/13,76,65,-83,605
2011/12/14,75,62,-57,549
2011/12/15,76,66,-65,633
2011/12/16,74,61,-83,625
2011/12/17,73,51,-80,578
2011/12/18,75,58,-91,642
2011/12/19,74,64,-111,608
2011/12/20,75,59,-97,625
2011/12/21,75,54,-107,616
2011/12/22,75,56,-120,645
2011/12/23,75,53,-109,639
2011/12/24,75,56,-115,623
2011/12/25,75,59,-113,598
2011/12/26,75,63,-117,602
2011/12/27,70,65,-133,594
2011/12/28,74,66,-132,583
2011/12/29,74,64,-127,516
2011/12/30,73,61,-96,615
2011/12/31,74,64,-110,623
2012/1/1,75,60,-101,647
2012/1/2,76,53,-100,716
2012/1/3,77,48,-111,716
2012/1/4,77,47,-120,702
2012/1/5,68,43,-99,482
2012/1/6,76,50,-100,672
2012/1/7,77,55,-110,675
2012/1/8,76,55,-108,665
2012/1/9,77,54,-96,683
2012/1/10,78,55,-106,712
2012/1/11,79,51,-104,700
2012/1/12,78,60,-106,675
2012/1/13,74,62,-98,653
2012/1/14,77,65,-119,715
2012/1/15,78,64,-127,668
2012/1/16,78,66,-121,666
2012/1/17,0,70,-99,211
2012/1/18,71,82,-98,662
2012/1/19,73,71,-120,644
2012/1/20,77,67,-128,784
2012/1/21,79,65,-147,823
2012/1/22,81,62,-159,857
2012/1/23,80,64,-167,855
2012/1/24,83,63,-167,890
2012/1/25,83,65,-163,827
2012/1/26,83,68,-141,846
2012/1/27,80,67,-143,777
2012/1/28,82,60,-144,911
2012/1/29,82,50,-121,859
2012/1/30,82,60,-118,866
2012/1/31,78,56,-96,757
2012/2/1,70,50,-47,839
2012/2/2,87,52,-65,968
2012/2/3,88,51,-62,985
2012/2/4,86,54,-69,969
2012/2/5,86,41,-49,983
2012/2/6,88,34,-57,1014
2012/2/7,87,32,-67,982
2012/2/8,88,30,-73,1055
2012/2/9,88,29,-87,1088
2012/2/10,89,32,-72,1108
2012/2/11,89,35,-69,1088
2012/2/12,92,35,-53,1095
2012/2/13,92,39,-54,1147
2012/2/14,92,40,-70,1170
2012/2/15,92,30,-59,1223
2012/2/16,93,28,-64,1246
2012/2/17,93,21,-69,1245
2012/2/18,93,16,-32,1287
2012/2/19,93,19,-34,1266
2012/2/20,94,21,-13,1225
2012/2/21,93,22,6,1243
2012/2/22,53,21,30,848
2012/2/23,91,30,2,1156
2012/2/24,91,28,-18,927
2012/2/25,95,29,4,1357
2012/2/26,95,35,3,1324
2012/2/27,95,33,3,1141
2012/2/28,92,35,-4,1309
2012/2/29,95,29,3,1304
2012/3/1,90,33,-13,1249
2012/3/2,89,30,6,1169
2012/3/3,100,49,-22,1446
2012/3/4,103,41,-23,1534
2012/3/5,103,24,-12,1608
2012/3/6,101,18,8,1305
2012/3/7,99,19,27,1499
2012/3/8,103,24,9,1585
2012/3/9,105,23,30,1643
2012/3/10,105,25,27,1613
2012/3/11,104,20,30,1549
2012/3/12,105,18,55,1597
2012/3/13,103,15,96,1756
2012/3/14,91,11,102,1325
2012/3/15,104,26,69,1549
2012/3/16,99,23,70,1464
2012/3/17,100,26,62,1499
2012/3/18,105,20,86,1739
2012/3/19,103,20,102,1473
2012/3/20,56,19,99,992
2012/3/21,81,20,53,1240
2012/3/22,113,24,38,1995
2012/3/23,113,18,50,1981
2012/3/24,113,22,68,1835
2012/3/25,110,21,93,1758
2012/3/26,114,16,123,1931
2012/3/27,96,11,130,1458
2012/3/28,112,29,125,1910
2012/3/29,116,20,101,2104
2012/3/30,116,7,92,2031
2012/3/31,101,8,105,1773
2012/4/1,112,18,114,1646
2012/4/2,117,22,121,1472
2012/4/3,117,19,132,2118
2012/4/4,69,37,129,1093
2012/4/5,107,62,104,1879
2012/4/6,122,45,113,2218
2012/4/7,122,29,134,1978
2012/4/8,121,22,150,2204
2012/4/9,115,22,168,1909
2012/4/10,92,26,121,1545
2012/4/11,123,27,91,2331
2012/4/12,124,19,117,2364
2012/4/13,120,22,128,2240
2012/4/14,115,17,162,1720
2012/4/15,124,19,182,2262
2012/4/16,126,20,183,2326
2012/4/17,125,19,174,2281
2012/4/18,117,21,169,1873
2012/4/19,114,14,169,2236
2012/4/20,124,18,175,2417
2012/4/21,127,19,205,2469
2012/4/22,106,18,193,1914
2012/4/23,122,15,120,2318
2012/4/24,129,15,101,2578
2012/4/25,129,19,118,2313
2012/4/26,126,19,163,2574
2012/4/27,127,16,188,2401
2012/4/28,117,12,220,2336
2012/4/29,127,19,222,2348
2012/4/30,105,29,208,2103
2012/5/1,129,23,208,2577
2012/5/2,128,22,216,2556
2012/5/3,123,25,228,2394
2012/5/4,116,13,276,1971
2012/5/5,129,26,249,2339
2012/5/6,129,27,234,2339
2012/5/7,124,28,233,2241
2012/5/8,127,24,215,2393
2012/5/9,130,22,220,1736
2012/5/10,23,47,156,459
2012/5/11,132,29,131,2006
2012/5/12,135,33,150,2038
2012/5/13,136,17,196,2055
2012/5/14,138,28,195,2066
2012/5/15,137,24,220,1996
2012/5/16,137,28,225,1938
2012/5/17,137,17,263,1908
2012/5/18,135,19,263,1829
2012/5/19,136,29,259,1877
2012/5/20,12,29,220,562
2012/5/21,138,27,162,2066
2012/5/22,138,24,175,2054
2012/5/23,138,23,213,1722
2012/5/24,139,21,231,2095
2012/5/25,139,30,226,1974
2012/5/26,138,30,237,1739
2012/5/27,127,21,243,1617
2012/5/28,139,13,221,2133
2012/5/29,139,18,218,1942
2012/5/30,139,25,229,2103
2012/5/31,129,27,240,1848
2012/6/1,138,24,271,2002
2012/6/2,139,25,265,1607
2012/6/3,126,25,265,1319
2012/6/4,125,50,235,1804
2012/6/5,93,49,229,1118
2012/6/6,21,83,170,341
2012/6/7,138,59,215,2019
2012/6/8,139,53,244,2052
2012/6/9,140,27,282,2099
2012/6/10,140,27,292,2081
2012/6/11,120,36,274,1730
2012/6/12,131,23,304,2004
2012/6/13,95,28,291,1178
2012/6/14,56,46,252,953
2012/6/15,134,39,268,1951
2012/6/16,34,61,209,423
2012/6/17,119,67,215,1773
2012/6/18,137,47,246,1931
2012/6/19,138,34,253,2117
2012/6/20,138,33,275,2023
2012/6/21,126,27,296,1500
2012/6/22,138,27,280,1537
2012/6/23,139,33,257,2083
2012/6/24,137,30,288,1943
2012/6/25,74,30,275,1035
2012/6/26,109,42,261,1544
2012/6/27,139,37,272,2035
2012/6/28,140,34,284,2101
2012/6/29,140,34,293,2001
2012/6/30,134,30,300,1527
2012/7/1,109,40,286,1237
2012/7/2,138,43,280,2030
2012/7/3,119,39,281,1813
2012/7/4,137,37,270,1808
2012/7/5,127,32,274,1585
2012/7/6,118,39,251,1687
2012/7/7,139,42,251,1923
2012/7/8,137,38,253,1695
2012/7/9,128,45,242,1551
2012/7/10,134,39,269,1944
2012/7/11,127,35,280,1572
2012/7/12,121,36,286,1708
2012/7/13,133,25,325,1922
2012/7/14,72,32,297,917
2012/7/15,104,56,249,1778
2012/7/16,135,49,261,1912
2012/7/17,127,34,281,1768
2012/7/18,91,39,269,1812
2012/7/19,137,51,254,2812
2012/7/20,137,44,268,2848
2012/7/21,140,35,286,2839
2012/7/22,77,43,267,1266
2012/7/23,114,51,259,2374
2012/7/24,134,47,260,2670
2012/7/25,131,44,272,2621
2012/7/26,66,36,280,1051
2012/7/27,135,47,270,2661
2012/7/28,134,43,288,2456
2012/7/29,99,38,288,2272
2012/7/30,137,44,272,2706
2012/7/31,135,34,276,2793
2012/8/1,134,29,278,2709
2012/8/2,112,30,303,2474
2012/8/3,41,40,270,1034
2012/8/4,41,65,222,932
2012/8/5,55,60,218,1340
2012/8/6,133,47,249,2639
2012/8/7,134,41,262,2665
2012/8/8,133,39,270,2646
2012/8/9,94,34,277,1642
2012/8/10,112,41,281,2102
2012/8/11,125,50,276,2113
2012/8/12,119,35,277,2299
2012/8/13,132,43,233,2591
2012/8/14,126,37,257,2590
2012/8/15,110,37,268,2359
2012/8/16,95,38,273,1946
2012/8/17,123,32,257,2391
2012/8/18,126,34,250,2446
2012/8/19,114,26,271,2205
2012/8/20,125,36,225,2515
2012/8/21,125,35,235,2473
2012/8/22,125,45,233,2402
2012/8/23,113,40,241,1362
2012/8/24,125,45,247,2348
2012/8/25,120,36,260,2134
2012/8/26,122,34,265,2366
2012/8/27,123,39,235,2356
2012/8/28,123,38,241,2304
2012/8/29,111,29,271,1993
2012/8/30,110,29,229,1669
2012/8/31,112,41,180,2308
2012/9/1,122,40,190,2308
2012/9/2,120,41,190,2309
2012/9/3,121,43,190,2285
2012/9/4,118,46,202,2144
2012/9/5,118,44,219,2089
2012/9/6,111,35,249,1790
2012/9/7,117,43,213,1938
2012/9/8,103,45,212,1729
2012/9/9,43,34,224,739
2012/9/10,118,52,179,2092
2012/9/11,116,39,179,2087
2012/9/12,115,33,172,2150
2012/9/13,109,43,161,2050
2012/9/14,114,44,172,1999
2012/9/15,100,45,173,1339
2012/9/16,100,40,191,1715
2012/9/17,113,49,180,1946
2012/9/18,112,48,171,1747
2012/9/19,36,53,175,687
2012/9/20,100,46,180,1825
2012/9/21,90,44,188,1354
2012/9/22,111,49,174,1725
2012/9/23,102,63,145,1830
2012/9/24,110,59,115,1824
2012/9/25,110,52,108,1800
2012/9/26,109,42,127,1845
2012/9/27,92,38,136,1426
2012/9/28,108,43,134,1749
2012/9/29,106,42,146,1701
2012/9/30,105,47,148,1657
2012/10/1,104,42,162,1476
2012/10/2,69,47,153,1002
2012/10/3,100,53,124,1650
2012/10/4,105,55,104,1614
2012/10/5,104,49,116,1543
2012/10/6,103,48,121,1502
2012/10/7,103,46,129,1158
2012/10/8,103,46,91,1523
2012/10/9,103,50,89,1489
2012/10/10,100,49,92,1479
2012/10/11,99,47,99,1490
2012/10/12,101,47,99,1460
2012/10/13,99,45,92,1447
2012/10/14,97,40,112,1291
2012/10/15,96,30,72,1430
2012/10/16,95,28,47,1417
2012/10/17,96,37,42,1403
2012/10/18,91,22,76,1239
2012/10/19,76,23,81,1117
2012/10/20,11,54,59,368
2012/10/21,93,65,31,1285
2012/10/22,92,55,40,1268
2012/10/23,90,47,53,1222
2012/10/24,89,44,57,1179
2012/10/25,83,43,60,1101
2012/10/26,86,48,67,1129
2012/10/27,86,53,58,1106
2012/10/28,84,49,61,988
2012/10/29,86,51,50,1122
2012/10/30,86,48,43,1155
2012/10/31,85,43,57,1085
2012/11/1,84,45,56,1052
2012/11/2,19,23,44,507
2012/11/3,84,27,25,991
2012/11/4,84,30,-4,999
2012/11/5,84,37,-1,812
2012/11/6,84,39,12,879
2012/11/7,48,36,22,753
2012/11/8,38,41,22,609
2012/11/9,83,71,-40,1057
2012/11/10,68,64,-59,737
2012/11/11,65,64,-47,740
2012/11/12,83,43,-15,906
2012/11/13,83,54,-23,897
2012/11/14,8,54,-7,456
2012/11/15,82,47,-6,741
2012/11/16,79,57,-10,807
2012/11/17,75,56,-7,773
2012/11/18,83,57,-6,873
2012/11/19,83,55,-3,828
2012/11/20,79,57,-13,822
2012/11/21,74,54,4,789
2012/11/22,80,45,-44,895
2012/11/23,78,51,-57,790
2012/11/24,80,44,-48,722
2012/11/25,79,51,-64,808
2012/11/26,79,44,-51,736
2012/11/27,79,49,-69,712
2012/11/28,79,37,-63,764
2012/11/29,79,36,-68,750
2012/11/30,8,39,-52,362
2012/12/1,0,65,-46,350
2012/12/2,78,57,-52,808
2012/12/3,32,47,-62,443
2012/12/4,76,52,-61,755
2012/12/5,38,54,-76,487
2012/12/6,76,56,-63,730
2012/12/7,77,53,-53,713
2012/12/8,77,56,-68,699
2012/12/9,75,53,-61,733
2012/12/10,77,51,-50,622
2012/12/11,77,48,-42,662
2012/12/12,70,57,-73,534
2012/12/13,58,51,-51,586
2012/12/14,65,54,-61,522
2012/12/15,66,56,-73,626
2012/12/16,74,54,-74,628
2012/12/17,28,45,-40,388
2012/12/18,70,51,-58,581
2012/12/19,0,65,-75,141
2012/12/20,0,83,-101,8
2012/12/21,71,73,-158,674
2012/12/22,76,63,-192,727
2012/12/23,27,66,-199,571
2012/12/24,8,72,-154,492
2012/12/25,58,70,-154,677
2012/12/26,36,75,-162,552
2012/12/27,66,70,-130,703
2012/12/28,76,65,-168,718
2012/12/29,76,55,-166,722
2012/12/30,44,64,-174,634
2012/12/31,76,68,-173,714
2013/1/1,69,74,-190,715
2013/1/2,64,68,-164,652
2013/1/3,77,61,-163,742
2013/1/4,75,66,-175,718
2013/1/5,77,63,-161,688
2013/1/6,77,70,-169,771
2013/1/7,77,70,-178,801
2013/1/8,78,70,-171,767
2013/1/9,72,72,-175,740
2013/1/10,70,74,-151,670
2013/1/11,76,74,-170,736
2013/1/12,78,74,-164,694
2013/1/13,31,70,-136,574
2013/1/14,78,68,-112,779
2013/1/15,77,71,-121,783
2013/1/16,77,74,-131,772
2013/1/17,77,71,-112,730
2013/1/18,76,76,-119,635
2013/1/19,71,76,-114,574
2013/1/20,79,69,-98,928
2013/1/21,62,77,-112,794
2013/1/22,78,75,-92,830
2013/1/23,80,66,-75,898
2013/1/24,80,75,-107,856
2013/1/25,80,69,-87,857
2013/1/26,78,76,-101,889
2013/1/27,77,73,-81,838
2013/1/28,77,73,-81,879
2013/1/29,65,72,-56,704
2013/1/30,44,72,-56,547
2013/1/31,84,64,-54,1087
2013/2/1,85,53,-65,1054
2013/2/2,88,63,-81,1076
2013/2/3,87,59,-64,761
2013/2/4,89,64,-49,1050
2013/2/5,87,63,-47,886
2013/2/6,14,66,-43,397
2013/2/7,45,76,-15,659
2013/2/8,72,75,-8,771
2013/2/9,35,66,-7,633
2013/2/10,81,70,-46,1141
2013/2/11,94,54,-73,1250
2013/2/12,94,56,-82,1230
2013/2/13,84,51,-51,1131
2013/2/14,94,52,-71,1262
2013/2/15,94,55,-66,1227
2013/2/16,93,46,-48,1201
2013/2/17,94,44,-99,1365
2013/2/18,95,43,-99,1365
2013/2/19,94,41,-86,1381
2013/2/20,94,43,-78,1367
2013/2/21,95,37,-42,1327
2013/2/22,95,43,-32,1383
2013/2/23,95,42,-8,1351
2013/2/24,97,36,17,1286
2013/2/25,91,49,7,1157
2013/2/26,97,50,3,1441
2013/2/27,97,52,7,1311
2013/2/28,96,30,26,1289
2013/3/1,81,26,14,1219
2013/3/2,98,26,23,1354
2013/3/3,96,32,36,1324
2013/3/4,81,34,41,1155
2013/3/5,97,28,64,1338
2013/3/6,93,33,81,1382
2013/3/7,95,34,80,1358
2013/3/8,91,33,68,1331
2013/3/9,97,19,50,1292
2013/3/10,94,25,27,1375
2013/3/11,91,26,41,1327
2013/3/12,98,26,59,1617
2013/3/13,100,27,78,1614
2013/3/14,104,26,90,1618
2013/3/15,93,27,96,1298
2013/3/16,109,37,95,1876
2013/3/17,107,26,111,1872
2013/3/18,96,26,89,1503
2013/3/19,109,21,117,1944
2013/3/20,107,19,136,1809
2013/3/21,96,19,147,1343
2013/3/22,109,28,118,1954
2013/3/23,111,22,141,1934
2013/3/24,74,27,105,1255
2013/3/25,114,36,100,2084
2013/3/26,113,25,104,2039
2013/3/27,114,23,126,2085
2013/3/28,105,18,156,1644
2013/3/29,113,24,157,2039
2013/3/30,111,22,155,1774
2013/3/31,116,22,158,2181
2013/4/1,116,24,154,2235
2013/4/2,107,15,180,1911
2013/4/3,29,40,91,849
2013/4/4,122,21,58,2343
2013/4/5,122,18,74,2364
2013/4/6,101,26,77,2179
2013/4/7,119,13,117,2059
2013/4/8,119,12,90,2279
2013/4/9,121,15,99,2399
2013/4/10,122,17,117,2360
2013/4/11,122,18,142,2375
2013/4/12,117,18,156,2421
2013/4/13,111,17,167,2227
2013/4/14,115,18,185,2348
2013/4/15,91,21,191,2123
2013/4/16,116,24,194,2304
2013/4/17,114,26,206,1943
2013/4/18,13,22,160,543
2013/4/19,109,29,139,2154
2013/4/20,78,27,155,1933
2013/4/21,119,32,138,2576
2013/4/22,115,21,148,2541
2013/4/23,125,18,186,2643
2013/4/24,125,24,188,2483
2013/4/25,126,20,211,2692
2013/4/26,123,22,211,2374
2013/4/27,125,28,224,2575
2013/4/28,125,23,230,2343
2013/4/29,124,17,244,2008
2013/4/30,119,30,230,2480
2013/5/1,126,30,215,2421
2013/5/2,126,22,226,2491
2013/5/3,126,26,224,2706
2013/5/4,105,28,223,2087
2013/5/5,120,25,224,2209
2013/5/6,127,25,188,2813
2013/5/7,114,18,190,2736
2013/5/8,134,13,184,2957
2013/5/9,139,20,193,2679
2013/5/10,134,29,198,2823
2013/5/11,130,24,230,2617
2013/5/12,135,21,232,2708
2013/5/13,132,27,203,2670
2013/5/14,72,24,224,1659
2013/5/15,35,52,171,1011
2013/5/16,138,44,176,2973
2013/5/17,120,31,197,2044
2013/5/18,138,18,227,3018
2013/5/19,138,29,221,2491
2013/5/20,114,33,232,1889
2013/5/21,138,25,271,2824
2013/5/22,50,27,199,1106
2013/5/23,138,40,185,3002
2013/5/24,137,29,219,2834
2013/5/25,103,26,222,1989
2013/5/26,70,29,202,1635
2013/5/27,110,21,192,2544
2013/5/28,139,16,202,3105
2013/5/29,139,23,201,3176
2013/5/30,138,23,218,2660
2013/5/31,104,26,235,2034
2013/6/1,139,30,237,2873
2013/6/2,140,28,264,2867
2013/6/3,124,24,286,2454
2013/6/4,137,28,280,2354
2013/6/5,138,23,292,2943
2013/6/6,112,26,278,2472
2013/6/7,66,49,199,1324
2013/6/8,112,55,182,2207
2013/6/9,140,38,206,3147
2013/6/10,139,33,231,2982
2013/6/11,140,37,250,2561
2013/6/12,102,27,272,2165
2013/6/13,83,28,241,1953
2013/6/14,57,36,233,1314
2013/6/15,115,37,238,2371
2013/6/16,129,41,229,2688
2013/6/17,112,21,275,2394
2013/6/18,20,30,247,1170
2013/6/19,2,46,212,562
2013/6/20,75,72,199,1687
2013/6/21,111,53,226,2339
2013/6/22,116,43,239,2884
2013/6/23,136,32,265,3025
2013/6/24,100,39,248,2064
2013/6/25,135,30,281,2886
2013/6/26,139,28,272,3049
2013/6/27,105,30,264,1927
2013/6/28,133,43,251,2620
2013/6/29,139,37,275,3050
2013/6/30,95,38,246,1609
2013/7/1,140,41,263,3002
2013/7/2,111,24,298,2219
2013/7/3,139,34,290,2906
2013/7/4,140,31,297,3007
2013/7/5,132,29,303,2592
2013/7/6,99,24,298,2395
2013/7/7,139,29,267,2677
2013/7/8,136,27,256,2836
2013/7/9,11,55,206,430
2013/7/10,137,65,203,2968
2013/7/11,139,50,242,2595
2013/7/12,131,43,268,2753
2013/7/13,102,34,281,2442
2013/7/14,128,43,269,2728
2013/7/15,140,39,288,2913
2013/7/16,85,30,281,1466
2013/7/17,140,39,260,2808
2013/7/18,93,25,276,1780
2013/7/19,113,39,248,2437
2013/7/20,139,35,260,2570
2013/7/21,139,33,263,2915
2013/7/22,140,31,286,2874
2013/7/23,109,28,295,1664
2013/7/24,126,36,270,2193
2013/7/25,125,28,285,2549
2013/7/26,128,37,267,2178
2013/7/27,133,43,249,2641
2013/7/28,134,33,272,2419
2013/7/29,110,33,275,2059
2013/7/30,106,34,263,1951
2013/7/31,138,34,255,2787
2013/8/1,137,30,269,2819
2013/8/2,139,27,282,2786
2013/8/3,122,35,271,2161
2013/8/4,122,33,283,1810
2013/8/5,133,40,258,2005
2013/8/6,135,36,261,2429
2013/8/7,134,35,259,2683
2013/8/8,134,39,266,2595
2013/8/9,85,41,264,1638
2013/8/10,130,38,270,2551
2013/8/11,134,42,261,2510
2013/8/12,133,26,305,2517
2013/8/13,131,35,277,2401
2013/8/14,0,37,259,582
2013/8/15,69,41,241,1594
2013/8/16,128,39,222,2608
2013/8/17,132,30,256,2500
2013/8/18,85,41,247,1729
2013/8/19,130,38,238,2472
2013/8/20,132,35,218,2513
2013/8/21,107,42,233,1870
2013/8/22,118,39,248,2334
2013/8/23,129,37,266,2417
2013/8/24,126,42,260,2338
2013/8/25,126,44,259,2133
2013/8/26,0,45,247,439
2013/8/27,115,64,213,2145
2013/8/28,119,42,226,2373
2013/8/29,122,45,224,2335
2013/8/30,119,36,238,2245
2013/8/31,92,36,230,1280
2013/9/1,120,46,179,2335
2013/9/2,120,40,184,2340
2013/9/3,120,43,191,2300
2013/9/4,120,37,204,2227
2013/9/5,120,37,218,2181
2013/9/6,119,31,227,2169
2013/9/7,112,33,219,1705
2013/9/8,115,33,219,1954
2013/9/9,117,41,186,2149
2013/9/10,117,41,181,2017
2013/9/11,105,34,202,1621
2013/9/12,115,41,216,1945
2013/9/13,112,30,241,1934
2013/9/14,115,39,199,2002
2013/9/15,114,46,192,1933
2013/9/16,103,47,196,1458
2013/9/17,52,40,194,1066
2013/9/18,110,68,154,1953
2013/9/19,112,57,152,1773
2013/9/20,114,51,174,1871
2013/9/21,56,35,180,1236
2013/9/22,111,36,107,1533
2013/9/23,110,49,89,1904
2013/9/24,110,40,106,1903
2013/9/25,110,42,119,1828
2013/9/26,106,39,140,1586
2013/9/27,108,46,151,1471
2013/9/28,100,44,169,1524
2013/9/29,103,43,182,1646
2013/9/30,102,48,158,1569
2013/10/1,102,44,173,1587
2013/10/2,102,42,165,1572
2013/10/3,102,45,170,1485
2013/10/4,101,43,181,1440
2013/10/5,90,34,199,1475
2013/10/6,93,45,168,993
2013/10/7,104,50,165,1492
2013/10/8,104,44,169,1463
2013/10/9,104,31,187,1444
2013/10/10,93,44,166,1394
2013/10/11,86,43,143,1042
2013/10/12,95,43,120,1480
2013/10/13,76,49,84,1167
2013/10/14,96,45,63,1492
2013/10/15,95,46,56,1202
2013/10/16,94,42,78,1354
2013/10/17,92,39,95,1328
2013/10/18,92,46,90,1324
2013/10/19,87,40,92,872
2013/10/20,86,39,100,1195
2013/10/21,88,41,75,1327
2013/10/22,88,31,99,1199
2013/10/23,87,43,96,1245
2013/10/24,85,45,80,1171
2013/10/25,84,38,83,1096
2013/10/26,87,32,83,1166
2013/10/27,88,42,84,1173
2013/10/28,86,45,87,1153
2013/10/29,69,42,85,818
2013/10/30,83,49,57,1011
2013/10/31,82,50,65,1058
2013/11/1,82,50,59,1084
2013/11/2,81,48,70,1057
2013/11/3,80,48,53,887
2013/11/4,80,43,61,918
2013/11/5,82,52,38,1005
2013/11/6,81,49,35,1013
2013/11/7,80,48,27,1001
2013/11/8,75,45,44,854
2013/11/9,79,52,19,723
2013/11/10,73,28,46,829
2013/11/11,0,64,7,353
2013/11/12,76,71,-5,829
2013/11/13,78,60,-12,962
2013/11/14,71,57,-16,718
2013/11/15,71,60,-12,672
2013/11/16,70,58,-7,705
2013/11/17,75,58,-21,730
2013/11/18,75,60,-29,721
2013/11/19,74,58,-24,671
2013/11/20,74,63,-27,682
2013/11/21,76,61,-23,730
2013/11/22,0,68,-8,369
2013/11/23,68,59,-20,720
2013/11/24,76,66,-36,753
2013/11/25,76,68,-42,766
2013/11/26,75,68,-39,745
2013/11/27,77,64,-37,766
2013/11/28,79,56,-48,769
2013/11/29,77,57,-41,749
2013/11/30,77,54,-29,709
2013/12/1,76,59,-38,632
2013/12/2,77,57,-38,667
2013/12/3,76,55,-34,562
2013/12/4,76,58,-31,677
2013/12/5,76,60,-37,680
2013/12/6,70,59,-36,555
2013/12/7,76,58,-50,693
2013/12/8,76,52,-51,696
2013/12/9,49,54,-66,565
2013/12/10,77,49,-62,687
2013/12/11,76,54,-81,659
2013/12/12,72,50,-67,594
2013/12/13,63,52,-69,595
2013/12/14,44,59,-32,448
2013/12/15,76,69,-52,699
2013/12/16,76,72,-79,631
2013/12/17,76,73,-83,615
2013/12/18,74,67,-79,578
2013/12/19,0,54,-37,330
2013/12/20,75,68,-80,612
2013/12/21,76,63,-65,664
2013/12/22,71,69,-93,622
2013/12/23,13,66,-81,307
2013/12/24,74,71,-91,620
2013/12/25,70,62,-90,523
2013/12/26,72,56,-85,631
2013/12/27,75,59,-101,628
2013/12/28,70,68,-122,595
2013/12/29,72,72,-114,605
2013/12/30,48,76,-115,556
2013/12/31,74,71,-104,653
2014/1/1,70,76,-126,612
2014/1/2,73,74,-116,669
2014/1/3,73,74,-116,635
2014/1/4,72,72,-122,674
2014/1/5,73,67,-101,651
2014/1/6,35,61,-102,542
2014/1/7,76,49,-130,720
2014/1/8,78,49,-127,695
2014/1/9,79,49,-132,693
2014/1/10,79,50,-131,674
2014/1/11,79,50,-126,742
2014/1/12,79,53,-119,735
2014/1/13,78,54,-116,746
2014/1/14,79,54,-123,728
2014/1/15,79,53,-111,758
2014/1/16,78,52,-103,778
2014/1/17,77,52,-107,757
2014/1/18,78,45,-77,790
2014/1/19,79,51,-82,811
2014/1/20,79,52,-87,792
2014/1/21,80,52,-87,832
2014/1/22,33,50,-77,473
2014/1/23,78,54,-76,703
2014/1/24,79,47,-48,893
2014/1/25,80,51,-61,840
2014/1/26,77,50,-63,815
2014/1/27,81,51,-55,942
2014/1/28,78,49,-46,741
2014/1/29,78,50,-38,884
2014/1/30,68,51,-49,788
2014/1/31,79,46,-30,958
2014/2/1,72,47,-22,883
2014/2/2,79,34,-68,875
2014/2/3,85,27,-79,1009
2014/2/4,75,25,-67,947
2014/2/5,84,24,-71,1044
2014/2/6,78,35,-74,987
2014/2/7,86,43,-83,1145
2014/2/8,78,37,-58,954
2014/2/9,87,39,-70,1091
2014/2/10,89,36,-62,1103
2014/2/11,85,39,-66,1095
2014/2/12,88,38,-60,1115
2014/2/13,88,40,-62,1124
2014/2/14,87,40,-70,1065
2014/2/15,89,37,-64,1250
2014/2/16,85,36,-55,1090
2014/2/17,90,34,-47,1224
2014/2/18,91,41,-60,1257
2014/2/19,93,37,-48,1195
2014/2/20,90,32,-16,1261
2014/2/21,86,28,14,1115
2014/2/22,50,31,16,810
2014/2/23,94,38,5,1319
2014/2/24,79,39,15,1217
2014/2/25,64,31,21,1106
2014/2/26,101,24,-47,1529
2014/2/27,99,20,-34,1319
2014/2/28,100,23,-40,1282
2014/3/1,102,25,-34,1535
2014/3/2,92,24,-11,1325
2014/3/3,105,27,-14,1624
2014/3/4,103,30,-34,1661
2014/3/5,103,24,-30,1685
2014/3/6,93,20,-12,1448
2014/3/7,101,18,6,1502
2014/3/8,102,20,31,1514
2014/3/9,97,20,41,1473
2014/3/10,51,27,45,945
2014/3/11,103,28,25,1604
2014/3/12,107,30,2,1851
2014/3/13,108,22,32,1841
2014/3/14,106,23,51,1709
2014/3/15,96,25,72,1450
2014/3/16,95,27,97,1427
2014/3/17,77,34,67,1141
2014/3/18,108,29,80,1849
2014/3/19,74,16,98,1234
2014/3/20,106,20,105,1650
2014/3/21,100,25,91,1613
2014/3/22,109,25,89,1817
2014/3/23,109,23,108,1861
2014/3/24,110,22,121,1854
2014/3/25,110,20,142,1910
2014/3/26,71,38,119,1341
2014/3/27,112,31,94,2052
2014/3/28,110,26,90,2023
2014/3/29,106,23,122,1604
2014/3/30,114,28,98,2207
2014/3/31,115,19,117,2001
2014/4/1,117,17,140,2250
2014/4/2,113,17,136,1982
2014/4/3,50,11,190,1451
2014/4/4,115,10,193,1837
2014/4/5,117,16,161,2133
2014/4/6,110,17,171,2031
2014/4/7,117,16,180,2006
2014/4/8,61,23,183,1094
2014/4/9,93,28,144,1734
2014/4/10,119,27,141,2309
2014/4/11,119,25,160,2268
2014/4/12,118,21,173,2247
2014/4/13,119,26,179,1905
2014/4/14,93,22,203,1477
2014/4/15,60,42,133,1268
2014/4/16,116,37,119,2195
2014/4/17,89,45,99,1720
2014/4/18,120,32,87,2536
2014/4/19,120,28,116,2379
2014/4/20,123,21,138,2536
2014/4/21,119,19,142,2552
2014/4/22,121,21,161,2184
2014/4/23,0,28,106,2163.055
2014/4/24,120,21,42,2547
2014/4/25,117,25,64,2522
2014/4/26,124,25,118,2699
2014/4/27,107,14,160,2009
2014/4/28,103,20,174,2126
2014/4/29,72,23,191,1583
2014/4/30,59,34,125,1037
2014/5/1,127,39,114,2774
2014/5/2,127,22,145,2666
2014/5/3,127,19,181,2695
2014/5/4,127,16,204,2752
2014/5/5,122,19,212,2501
2014/5/6,127,26,218,2799
2014/5/7,127,16,242,2415
2014/5/8,113,42,174,2159
2014/5/9,102,23,170,2118
2014/5/10,126,45,144,2787
2014/5/11,122,34,174,2736
2014/5/12,118,16,197,1925
2014/5/13,72,25,170,1757
2014/5/14,134,36,156,2886
2014/5/15,132,29,187,2344
2014/5/16,115,31,200,2022
2014/5/17,105,31,194,1548
2014/5/18,135,31,189,2914
2014/5/19,136,26,214,2884
2014/5/20,134,24,239,2486
2014/5/21,73,24,235,1426
2014/5/22,85,30,204,1644
2014/5/23,0,54,137,452
2014/5/24,138,54,138,3000
2014/5/25,139,41,180,3079
2014/5/26,140,32,212,3022
2014/5/27,140,25,248,3020
2014/5/28,140,29,254,2882
2014/5/29,140,26,282,2850
2014/5/30,135,35,265,2714
2014/5/31,120,24,276,2290
2014/6/1,120,28,212,2123
2014/6/2,51,36,185,1136
2014/6/3,137,33,208,2828
2014/6/4,72,31,202,1863
2014/6/5,136,24,220,3152
2014/6/6,140,32,214,2887
2014/6/7,128,23,234,2896
2014/6/8,122,39,233,2977
2014/6/9,136,26,254,2154
2014/6/10,124,32,256,1817
2014/6/11,65,39,233,1683
2014/6/12,104,31,267,2172
2014/6/13,112,38,253,2721
2014/6/14,138,35,256,2643
2014/6/15,132,36,262,2483
2014/6/16,130,33,266,2641
2014/6/17,26,53,231,961
2014/6/18,112,64,216,2927
2014/6/19,141,37,256,2932
2014/6/20,140,41,259,2952
2014/6/21,117,35,276,2619
2014/6/22,44,39,262,1072
2014/6/23,127,29,290,2917
2014/6/24,126,30,275,2205
2014/6/25,115,39,278,2340
2014/6/26,73,58,237,1327
2014/6/27,80,75,209,1789
2014/6/28,136,64,240,2723
2014/6/29,110,51,250,2358
2014/6/30,117,50,253,2500
2014/7/1,90,53,259,1730
2014/7/2,140,52,258,2936
2014/7/3,137,35,290,2990
2014/7/4,105,32,288,1858
2014/7/5,124,41,274,2546
2014/7/6,85,47,257,1937
2014/7/7,140,34,264,2907
2014/7/8,130,34,274,2426
2014/7/9,96,37,261,2440
2014/7/10,112,63,227,2507
2014/7/11,140,47,254,2888
2014/7/12,138,37,291,2863
2014/7/13,140,38,292,2783
2014/7/14,138,34,305,2758
2014/7/15,129,36,314,2225
2014/7/16,133,33,302,2683
2014/7/17,103,34,280,1514
2014/7/18,111,32,266,2029
2014/7/19,109,48,249,2369
2014/7/20,120,49,237,1968
2014/7/21,139,39,275,2704
2014/7/22,136,37,277,2459
2014/7/23,140,43,287,2674
2014/7/24,139,45,296,2640
2014/7/25,112,32,313,2142
2014/7/26,136,33,276,2713
2014/7/27,134,42,275,2565
2014/7/28,122,28,309,2503
2014/7/29,128,36,290,2363
2014/7/30,96,32,259,2061
2014/7/31,129,32,257,2542
2014/8/1,129,29,269,2593
2014/8/2,137,31,257,2502
2014/8/3,134,36,244,2613
2014/8/4,128,40,248,2631
2014/8/5,126,40,273,2226
2014/8/6,132,36,275,2317
2014/8/7,133,37,269,2562
2014/8/8,117,29,276,2417
2014/8/9,126,35,253,2518
2014/8/10,103,32,260,1636
2014/8/11,128,44,244,2552
2014/8/12,129,38,256,2617
2014/8/13,127,31,258,2276
2014/8/14,127,40,253,2484
2014/8/15,120,38,257,2399
2014/8/16,126,26,283,2448
2014/8/17,124,25,290,1794
2014/8/18,111,29,296,1510
2014/8/19,87,31,301,1683
2014/8/20,99,43,266,1753
2014/8/21,117,53,238,2365
2014/8/22,124,38,262,2386
2014/8/23,120,38,249,2245
2014/8/24,123,44,246,2324
2014/8/25,123,46,246,2261
2014/8/26,123,40,256,2329
2014/8/27,122,43,249,2193
2014/8/28,102,37,267,1663
2014/8/29,121,46,233,2178
2014/8/30,116,43,240,2111
2014/8/31,114,29,254,2225
2014/9/1,116,36,236,2289
2014/9/2,101,39,224,1822
2014/9/3,123,45,233,2171
2014/9/4,113,32,257,1750
2014/9/5,0,58,211,398
2014/9/6,120,66,187,2137
2014/9/7,124,46,209,2159
2014/9/8,115,42,210,2081
2014/9/9,118,50,180,2046
2014/9/10,119,46,200,1984
2014/9/11,119,43,206,1955
2014/9/12,48,46,169,1022
2014/9/13,117,47,134,2037
2014/9/14,113,47,152,1924
2014/9/15,115,46,152,2005
2014/9/16,115,48,150,1957
2014/9/17,111,39,188,1862
2014/9/18,114,47,173,1917
2014/9/19,114,49,185,1850
2014/9/20,101,29,207,1581
2014/9/21,112,42,136,1831
2014/9/22,111,51,124,1805
2014/9/23,112,50,137,1622
2014/9/24,82,52,148,1183
2014/9/25,103,49,170,1704
2014/9/26,104,46,158,1745
2014/9/27,105,50,159,1622
2014/9/28,109,50,174,1577
2014/9/29,95,44,177,1218
2014/9/30,105,43,167,1412
2014/10/1,107,58,145,1413
2014/10/2,96,49,180,1449
2014/10/3,107,47,140,1577
2014/10/4,105,38,138,1476
2014/10/5,105,48,130,1399
2014/10/6,107,53,131,1494
2014/10/7,107,54,136,1441
2014/10/8,105,50,158,1469
2014/10/9,90,38,161,1316
2014/10/10,93,37,98,1439
2014/10/11,101,41,53,1506
2014/10/12,103,46,50,1503
2014/10/13,103,49,60,1450
2014/10/14,100,51,73,1383
2014/10/15,97,45,87,1389
2014/10/16,96,46,86,1362
2014/10/17,96,48,88,1348
2014/10/18,94,41,97,1259
2014/10/19,94,45,96,1238
2014/10/20,92,48,101,1166
2014/10/21,91,47,113,1155
2014/10/22,92,46,111,1180
2014/10/23,90,45,113,1091
2014/10/24,90,45,115,1129
2014/10/25,89,49,123,1007
2014/10/26,88,54,124,1129
2014/10/27,89,43,136,1109
2014/10/28,88,41,106,1022
2014/10/29,66,31,46,762
2014/10/30,87,35,30,1086
2014/10/31,87,35,18,1096
2014/11/1,88,39,19,1102
2014/11/2,88,39,31,1043
2014/11/3,88,47,31,1005
2014/11/4,85,53,33,996
2014/11/5,80,51,52,923
2014/11/6,85,48,55,978
2014/11/7,84,42,63,1007
2014/11/8,79,24,101,943
2014/11/9,77,35,73,807
2014/11/10,10,57,45,440
2014/11/11,83,69,8,848
2014/11/12,83,61,-2,754
2014/11/13,69,56,-1,614
2014/11/14,33,77,15,434
2014/11/15,80,74,-1,913
2014/11/16,81,77,-20,914
2014/11/17,82,66,-4,879
2014/11/18,81,66,2,823
2014/11/19,80,65,4,783
2014/11/20,80,69,-26,568
2014/11/21,77,60,-29,765
2014/11/22,77,61,-28,809
2014/11/23,77,62,-37,821
2014/11/24,76,50,-11,795
2014/11/25,4,46,0,384
2014/11/26,73,55,-30,662
2014/11/27,64,56,-40,686
2014/11/28,53,59,-37,491
2014/11/29,73,46,-59,670
2014/11/30,74,40,-94,759
2014/12/1,30,40,-92,488
2014/12/2,75,45,-101,745
2014/12/3,75,47,-78,734
2014/12/4,75,43,-79,724
2014/12/5,75,46,-76,560
2014/12/6,75,45,-60,695
2014/12/7,74,54,-71,639
2014/12/8,0,57,-60,359
2014/12/9,74,62,-58,704
2014/12/10,14,61,-93,444
2014/12/11,74,64,-85,713
2014/12/12,77,63,-113,725
2014/12/13,75,67,-115,683
2014/12/14,75,68,-112,671
2014/12/15,75,61,-126,704
2014/12/16,75,62,-136,701
2014/12/17,74,62,-133,660
2014/12/18,50,63,-123,482
2014/12/19,58,62,-117,576
2014/12/20,74,55,-101,681
2014/12/21,72,55,-114,579
2014/12/22,74,56,-106,653
2014/12/23,73,53,-90,612
2014/12/24,72,51,-74,608
2014/12/25,73,58,-102,632
2014/12/26,73,56,-96,613
2014/12/27,73,59,-88,609
2014/12/28,73,64,-101,640
2014/12/29,72,64,-103,588
2014/12/30,72,60,-87,651
2014/12/31,73,58,-107,688
2015/1/1,74,56,-100,660
2015/1/2,74,59,-92,632
2015/1/3,71,65,-106,508
2015/1/4,72,62,-98,618
2015/1/5,77,60,-92,710
2015/1/6,23,55,-90,385
2015/1/7,40,59,-70,462
2015/1/8,77,65,-82,672
2015/1/9,77,72,-98,754
2015/1/10,77,68,-101,689
2015/1/11,68,63,-89,684
2015/1/12,62,61,-76,624
2015/1/13,77,60,-73,689
2015/1/14,74,52,-39,724
2015/1/15,71,55,-39,714
2015/1/16,0,65,-44,324
2015/1/17,48,86,-40,607
2015/1/18,81,77,-79,830
2015/1/19,79,77,-84,692
2015/1/20,81,72,-64,830
2015/1/21,80,73,-85,636
2015/1/22,76,64,-57,840
2015/1/23,41,65,-54,531
2015/1/24,80,65,-50,849
2015/1/25,62,58,-30,630
2015/1/26,75,56,-36,851
2015/1/27,52,59,-44,618
2015/1/28,83,56,-80,952
2015/1/29,83,52,-82,928
2015/1/30,80,51,-90,895
2015/1/31,80,45,-39,877
2015/2/1,83,57,-68,961
2015/2/2,86,57,-74,871
2015/2/3,87,47,-48,1035
2015/2/4,89,33,-40,1033
2015/2/5,65,42,-9,710
2015/2/6,75,64,-42,890
2015/2/7,87,64,-54,996
2015/2/8,88,61,-65,1038
2015/2/9,88,56,-56,934
2015/2/10,88,51,-41,1003
2015/2/11,88,52,-36,1032
2015/2/12,88,53,-26,924
2015/2/13,87,51,-12,902
2015/2/14,66,45,13,1003
2015/2/15,92,39,-21,1241
2015/2/16,83,37,2,1187
2015/2/17,80,38,5,1034
2015/2/18,81,36,22,1078
2015/2/19,74,40,36,1098
2015/2/20,95,43,12,1163
2015/2/21,93,30,-25,1326
2015/2/22,93,25,-2,1273
2015/2/23,92,31,-7,1419
2015/2/24,96,29,24,1378
2015/2/25,101,29,5,1484
2015/2/26,46,26,-5,826
2015/2/27,99,32,-17,1508
2015/2/28,103,31,-19,1553
2015/3/1,99,29,-16,1470
2015/3/2,104,29,-6,1621
2015/3/3,105,24,-13,1651
2015/3/4,100,23,-15,1664
2015/3/5,101,20,4,1526
2015/3/6,103,20,16,1629
2015/3/7,100,23,29,1582
2015/3/8,104,30,43,1604
2015/3/9,105,26,30,1558
2015/3/10,104,22,39,1507
2015/3/11,85,22,62,1447
2015/3/12,87,30,67,1543
2015/3/13,102,37,46,1591
2015/3/14,109,30,26,1763
2015/3/15,104,29,55,1523
2015/3/16,100,29,65,1552
2015/3/17,110,24,78,1682
2015/3/18,110,26,58,1878
2015/3/19,111,20,59,1778
2015/3/20,106,23,53,1908
2015/3/21,88,24,69,1508
2015/3/22,87,22,99,1083
2015/3/23,111,28,102,1920
2015/3/24,112,19,132,1917
2015/3/25,109,23,130,1713
2015/3/26,109,38,133,1793
2015/3/27,112,23,146,2130
2015/3/28,74,15,139,1419
2015/3/29,91,31,130,1300
2015/3/30,98,26,152,1641
2015/3/31,26,24,139,683
2015/4/1,42,31,110,1003
2015/4/2,0,40,63,621
2015/4/3,54,83,10,1066
2015/4/4,117,58,28,2245
2015/4/5,118,44,69,2234
2015/4/6,112,41,92,1683
2015/4/7,96,40,108,2037
2015/4/8,121,31,121,2272
2015/4/9,121,31,121,2307
2015/4/10,121,27,143,2350
2015/4/11,122,24,154,2377
2015/4/12,122,22,167,2400
2015/4/13,88,15,183,1896
2015/4/14,86,19,185,1530
2015/4/15,112,27,187,2043
2015/4/16,104,19,194,1577
2015/4/17,84,40,167,1745
2015/4/18,117,43,140,2206
2015/4/19,88,34,145,1848
2015/4/20,122,24,168,2477
2015/4/21,114,23,172,1974
2015/4/22,122,22,182,2087
2015/4/23,89,24,213,1844
2015/4/24,120,25,213,2473
2015/4/25,122,21,225,2527
2015/4/26,123,20,230,2509
2015/4/27,117,21,235,2415
2015/4/28,58,27,211,1287
2015/4/29,0,38,174,645
2015/4/30,125,50,157,2446
2015/5/1,126,19,205,2605
2015/5/2,126,16,214,2629
2015/5/3,127,27,193,2519
2015/5/4,119,25,193,1824
2015/5/5,81,22,215,1251
2015/5/6,130,34,188,2445
2015/5/7,121,22,208,2385
2015/5/8,124,28,207,2588
2015/5/9,60,40,195,1339
2015/5/10,123,39,169,2662
2015/5/11,131,27,204,2547
2015/5/12,127,30,214,2384
2015/5/13,129,24,248,2172
2015/5/14,132,22,233,2604
2015/5/15,132,29,222,2630
2015/5/16,125,28,231,2248
2015/5/17,134,31,261,2493
2015/5/18,127,32,256,2397
2015/5/19,37,45,214,1027
2015/5/20,31,77,172,944
2015/5/21,134,54,202,2648
2015/5/22,138,45,230,2769
2015/5/23,137,39,252,2753
2015/5/24,125,35,256,2441
2015/5/25,92,29,246,1689
2015/5/26,79,30,236,1900
2015/5/27,137,28,233,2780
2015/5/28,77,27,204,1674
2015/5/29,139,37,209,2737
2015/5/30,133,31,234,2567
2015/5/31,80,36,203,1764
2015/6/1,105,37,202,1924
2015/6/2,37,52,165,959
2015/6/3,125,49,167,2703
2015/6/4,139,33,212,2980
2015/6/5,128,32,230,2823
2015/6/6,69,45,209,1440
2015/6/7,138,45,213,2854
2015/6/8,40,53,209,1132
2015/6/9,138,37,244,2956
2015/6/10,130,26,256,2590
2015/6/11,138,34,252,2664
2015/6/12,94,37,258,2125
2015/6/13,128,20,302,2526
2015/6/14,130,33,278,2708
2015/6/15,135,30,291,2738
2015/6/16,64,27,301,1462
2015/6/17,25,47,222,1248
2015/6/18,40,85,164,528
2015/6/19,126,67,203,2498
2015/6/20,92,56,214,1756
2015/6/21,135,50,226,2923
2015/6/22,132,43,258,2532
2015/6/23,81,45,246,1561
2015/6/24,137,42,267,2817
2015/6/25,138,42,282,2824
2015/6/26,89,32,307,1882
2015/6/27,0,46,260,349
2015/6/28,137,55,255,2628
2015/6/29,108,57,262,2207
2015/6/30,113,69,250,2485
2015/7/1,137,58,270,2291
2015/7/2,90,50,271,1814
2015/7/3,2,75,212,250
2015/7/4,133,69,236,2279
2015/7/5,137,55,271,2673
2015/7/6,112,43,258,2327
2015/7/7,136,49,231,2853
2015/7/8,136,40,249,2898
2015/7/9,131,36,279,2837
2015/7/10,136,32,298,2626
2015/7/11,5,39,275,779
2015/7/12,137,51,226,2898
2015/7/13,137,37,241,2871
2015/7/14,138,32,274,2847
2015/7/15,138,22,290,2729
2015/7/16,138,34,279,2654
2015/7/17,126,36,291,2688
2015/7/18,122,33,295,2752
2015/7/19,116,30,314,2387
2015/7/20,120,37,298,2356
2015/7/21,135,35,301,2717
2015/7/22,138,31,303,2758
2015/7/23,138,39,296,2585
2015/7/24,136,40,307,2227
2015/7/25,137,28,351,2591
2015/7/26,77,32,323,1666
2015/7/27,130,33,314,2663
2015/7/28,132,28,311,2621
2015/7/29,119,31,306,2243
2015/7/30,13,41,298,897
2015/7/31,113,38,289,2002
2015/8/1,135,31,290,2666
2015/8/2,74,36,280,1484
2015/8/3,135,35,274,2658
2015/8/4,130,31,279,2561
2015/8/5,123,34,274,2497
2015/8/6,67,32,287,1419
2015/8/7,134,34,288,2522
2015/8/8,134,36,296,2456
2015/8/9,126,26,313,2506
2015/8/10,99,40,282,2198
2015/8/11,129,32,301,2218
2015/8/12,112,62,227,2344
2015/8/13,129,49,231,2544
2015/8/14,123,47,250,2506
2015/8/15,101,37,236,1621
2015/8/16,118,37,199,2397
2015/8/17,127,34,208,2589
2015/8/18,126,29,241,2540
2015/8/19,124,38,233,2463
2015/8/20,124,43,234,2447
2015/8/21,124,35,254,2202
2015/8/22,124,38,264,2315
2015/8/23,122,24,283,2347
2015/8/24,113,22,311,2274
2015/8/25,120,21,295,1891
2015/8/26,78,22,305,1597
2015/8/27,114,23,306,1991
2015/8/28,116,39,261,2096
2015/8/29,111,32,278,2070
2015/8/30,101,34,266,1577
2015/8/31,102,40,260,2117
2015/9/1,72,31,260,1483
2015/9/2,0,53,216,516
2015/9/3,83,59,218,1905
2015/9/4,116,52,217,2082
2015/9/5,116,42,237,2029
2015/9/6,100,46,211,1631
2015/9/7,116,51,185,2059
2015/9/8,46,39,183,938
2015/9/9,67,64,163,1176
2015/9/10,116,69,167,1994
2015/9/11,118,52,171,2027
2015/9/12,113,49,177,2044
2015/9/13,114,45,182,2004
2015/9/14,85,40,210,1510
2015/9/15,111,46,168,1888
2015/9/16,113,47,155,1948
2015/9/17,113,52,138,1951
2015/9/18,113,47,159,1872
2015/9/19,109,51,172,1839
2015/9/20,79,41,187,1561
2015/9/21,86,56,173,1667
2015/9/22,87,49,172,1601
2015/9/23,109,41,166,1823
2015/9/24,113,33,146,1860
2015/9/25,99,50,130,1567
2015/9/26,109,55,114,1774
2015/9/27,109,56,122,1736
2015/9/28,95,49,136,1619
2015/9/29,79,48,113,1322
2015/9/30,108,50,71,1722
2015/10/1,108,53,63,1685
2015/10/2,98,47,84,1373
2015/10/3,106,48,113,1548
2015/10/4,101,48,125,1436
2015/10/5,100,41,142,1469
2015/10/6,94,43,136,1309
2015/10/7,100,45,92,1503
2015/10/8,104,47,100,1512
2015/10/9,104,43,109,1437
2015/10/10,99,46,124,1404
2015/10/11,100,22,164,1484
2015/10/12,99,29,152,1479
2015/10/13,91,35,128,1293
2015/10/14,91,38,132,1358
2015/10/15,77,38,147,1058
2015/10/16,88,51,99,1347
2015/10/17,84,41,110,1200
2015/10/18,93,37,108,1307
2015/10/19,88,43,112,1251
2015/10/20,45,50,111,903
2015/10/21,52,48,98,875
2015/10/22,88,50,111,1220
2015/10/23,75,49,100,1183
2015/10/24,81,50,91,1077
2015/10/25,79,50,63,1236
2015/10/26,84,51,34,1210
2015/10/27,80,53,41,1190
2015/10/28,5,47,74,502
2015/10/29,44,56,77,726
2015/10/30,74,78,51,1102
2015/10/31,77,72,39,1060
2015/11/1,78,71,52,1047
2015/11/2,78,60,66,1045
2015/11/3,77,41,79,1021
2015/11/4,38,44,12,741
2015/11/5,70,37,42,694
2015/11/6,18,58,63,685
2015/11/7,28,54,54,567
2015/11/8,75,59,36,923
2015/11/9,76,55,52,957
2015/11/10,80,59,32,957
2015/11/11,77,55,39,932
2015/11/12,75,54,37,921
2015/11/13,69,50,43,627
2015/11/14,69,50,53,815
2015/11/15,48,77,48,632
2015/11/16,66,81,32,777
2015/11/17,51,79,22,547
2015/11/18,16,82,-8,417
2015/11/19,62,80,-1,695
2015/11/20,77,76,1,759
2015/11/21,12,83,7,352
2015/11/22,54,72,28,707
2015/11/23,0,67,12,447
2015/11/24,62,65,-6,652
2015/11/25,80,63,-10,774
2015/11/26,80,66,-12,753
2015/11/27,80,69,-8,750
2015/11/28,62,70,-6,607
2015/11/29,77,74,-16,736
2015/11/30,33,74,-11,444
2015/12/1,79,57,-5,761
2015/12/2,79,49,-17,745
2015/12/3,71,56,-29,682
2015/12/4,79,55,-17,689
2015/12/5,68,57,-21,613
2015/12/6,73,56,-12,673
2015/12/7,67,51,-3,505
2015/12/8,70,65,-28,492
2015/12/9,76,64,-21,682
2015/12/10,76,69,-38,653
2015/12/11,75,65,-28,612
2015/12/12,0,70,-25,338
2015/12/13,49,75,-56,513
2015/12/14,75,67,-65,681
2015/12/15,76,70,-67,672
2015/12/16,76,75,-84,672
2015/12/17,75,76,-93,645
2015/12/18,67,74,-93,648
2015/12/19,69,74,-106,688
2015/12/20,66,72,-111,661
2015/12/21,53,74,-99,530
2015/12/22,71,70,-115,645
2015/12/23,73,71,-103,603
2015/12/24,72,70,-111,695
2015/12/25,69,71,-104,622
2015/12/26,65,75,-110,622
2015/12/27,68,71,-102,650
2015/12/28,72,66,-78,620
2015/12/29,73,69,-85,633
2015/12/30,68,72,-94,664
2015/12/31,69,70,-88,649
2016/1/1,38,70,-94,509
2016/1/2,68,67,-83,629
2016/1/3,59,69,-84,491
2016/1/4,71,65,-69,667
2016/1/5,73,71,-98,709
2016/1/6,72,59,-50,667
2016/1/7,75,66,-82,706
2016/1/8,76,63,-72,721
2016/1/9,63,64,-83,631
2016/1/10,60,61,-62,575
2016/1/11,0,73,-56,481
2016/1/12,77,71,-83,749
2016/1/13,73,70,-107,779
2016/1/14,73,68,-90,747
2016/1/15,49,62,-85,784
2016/1/16,77,58,-76,775
2016/1/17,76,52,-94,793
2016/1/18,70,54,-96,770
2016/1/19,0,64,-61,537
2016/1/20,60,72,-49,746
2016/1/21,63,63,-70,652
2016/1/22,73,53,-101,868
2016/1/23,76,54,-94,801
2016/1/24,77,58,-115,918
2016/1/25,77,60,-116,910
2016/1/26,78,62,-120,898
2016/1/27,78,61,-121,946
2016/1/28,77,63,-119,913
2016/1/29,74,52,-83,875
2016/1/30,48,59,-89,661
2016/1/31,23,53,-89,636
2016/2/1,72,53,-95,966
2016/2/2,77,53,-86,984
2016/2/3,0,73,-66,566
2016/2/4,85,84,-75,956
2016/2/5,4,83,-94,554
2016/2/6,82,77,-71,1108
2016/2/7,85,76,-82,1087
2016/2/8,85,76,-75,1079
2016/2/9,67,77,-72,953
2016/2/10,72,74,-60,984
2016/2/11,9,45,-36,577
2016/2/12,91,49,-97,1227
2016/2/13,91,43,-90,1214
2016/2/14,91,44,-82,1202
2016/2/15,89,43,-75,1241
2016/2/16,87,46,-73,1129
2016/2/17,69,44,-55,917
2016/2/18,53,39,-39,980
2016/2/19,95,39,-50,1390
2016/2/20,94,37,-57,1356
2016/2/21,66,37,-39,991
2016/2/22,89,33,-8,1245
2016/2/23,95,36,-19,1369
2016/2/24,96,34,-9,1414
2016/2/25,96,36,5,1392
2016/2/26,84,39,8,1244
2016/2/27,91,35,39,1258
2016/2/28,89,36,51,1321
2016/2/29,92,35,58,1286
2016/3/1,100,50,61,1885
2016/3/2,76,39,67,1475
2016/3/3,50,49,32,1011
2016/3/4,85,32,-14,1924
2016/3/5,78,31,-16,1447
2016/3/6,96,27,16,1941
2016/3/7,94,31,32,1771
2016/3/8,89,32,35,1918
2016/3/9,99,24,2,1962
2016/3/10,106,27,-18,2199
2016/3/11,89,26,16,1488
2016/3/12,105,25,25,2218
2016/3/13,102,20,43,2072
2016/3/14,105,19,64,2205
2016/3/15,96,23,62,1769
2016/3/16,87,27,73,1983
2016/3/17,90,26,111,1856
2016/3/18,80,29,102,1505
2016/3/19,98,25,128,1939
2016/3/20,90,27,120,1827
2016/3/21,76,41,110,1814
2016/3/22,108,53,90,1997
2016/3/23,111,36,101,2478
2016/3/24,108,23,134,2346
2016/3/25,112,19,166,2249
2016/3/26,111,21,146,2170
2016/3/27,109,26,133,2288
2016/3/28,114,26,154,2566
2016/3/29,111,23,154,2524
2016/3/30,108,22,176,2287
2016/3/31,98,33,181,2269
2016/4/1,107,23,155,2241
2016/4/2,100,16,165,2068
2016/4/3,88,22,150,1851
2016/4/4,118,23,143,2766
2016/4/5,113,27,155,1804
2016/4/6,120,31,147,2860
2016/4/7,122,23,157,2913
2016/4/8,94,19,157,2084
2016/4/9,121,18,174,2871
2016/4/10,71,27,188,1877
2016/4/11,101,32,149,2086
2016/4/12,118,23,140,2947
2016/4/13,107,26,142,2172
2016/4/14,83,21,173,2031
2016/4/15,107,21,130,3024
2016/4/16,121,19,136,3133
2016/4/17,124,20,134,3113
2016/4/18,110,25,159,2887
2016/4/19,116,14,196,3180
2016/4/20,125,20,184,3300
2016/4/21,126,16,184,3325
2016/4/22,128,16,196,3139
2016/4/23,128,17,214,3208
2016/4/24,98,27,208,2426
2016/4/25,121,31,180,3126
2016/4/26,125,30,191,3269
2016/4/27,125,25,201,3170
2016/4/28,120,30,212,3234
2016/4/29,121,23,221,3127
2016/4/30,30,36,180,1145
2016/5/1,117,30,142,3277
2016/5/2,104,32,138,2175
2016/5/3,123,33,174,3156
2016/5/4,123,33,211,3162
2016/5/5,126,38,185,3193
2016/5/6,124,32,214,3210
2016/5/7,100,28,220,2394
2016/5/8,101,43,191,3070
2016/5/9,129,37,207,3385
2016/5/10,77,29,223,2308
2016/5/11,57,58,142,1683
2016/5/12,111,45,143,3308
2016/5/13,119,25,170,3177
2016/5/14,128,15,175,3739
2016/5/15,127,25,173,3603
2016/5/16,119,24,209,3325
2016/5/17,115,27,240,3094
2016/5/18,86,34,240,2146
2016/5/19,92,40,171,3041
2016/5/20,123,24,187,3442
2016/5/21,80,38,163,2298
2016/5/22,136,37,153,2959
2016/5/23,136,34,159,2886
2016/5/24,116,29,185,3149
2016/5/25,134,24,203,3792
2016/5/26,134,25,213,3829
2016/5/27,127,24,224,3228
2016/5/28,117,27,259,2774
2016/5/29,118,37,236,2993
2016/5/30,134,32,244,3411
2016/5/31,110,33,237,3052
2016/6/1,51,39,218,1575
2016/6/2,128,40,241,3482
2016/6/3,129,31,257,3692
2016/6/4,136,20,294,3375
2016/6/5,66,32,274,1788
2016/6/6,132,33,273,3451
2016/6/7,139,32,294,3714
2016/6/8,139,32,287,3725
2016/6/9,125,24,302,3662
2016/6/10,130,21,304,3637
2016/6/11,127,31,283,3285
2016/6/12,135,30,280,3730
2016/6/13,137,29,289,3656
2016/6/14,137,22,297,3739
2016/6/15,138,20,302,3811
2016/6/16,137,33,284,3690
2016/6/17,132,30,322,3004
2016/6/18,77,31,302,2272
2016/6/19,110,40,263,3229
2016/6/20,124,27,273,3317
2016/6/21,117,24,263,3331
2016/6/22,134,28,262,3373
2016/6/23,139,29,281,3788
2016/6/24,6,27,280,1549
2016/6/25,108,49,237,2637
2016/6/26,139,43,240,3762
2016/6/27,140,35,259,3854
2016/6/28,138,37,271,3799
2016/6/29,96,27,304,2958
2016/6/30,140,25,282,3793
2016/7/1,139,21,304,3688
2016/7/2,138,32,306,3356
2016/7/3,138,31,315,3482
2016/7/4,31,38,284,1466
2016/7/5,108,33,306,2751
2016/7/6,138,37,306,3539
2016/7/7,121,34,314,2943
2016/7/8,0,81,209,298
2016/7/9,128,73,235,3254
2016/7/10,122,61,251,2584
2016/7/11,129,46,267,3528
2016/7/12,124,41,268,3366
2016/7/13,139,40,276,3586
2016/7/14,139,37,286,3662
2016/7/15,137,31,311,3615
2016/7/16,86,32,299,2417
2016/7/17,136,41,290,3586
2016/7/18,138,37,293,3572
2016/7/19,59,41,284,1437
2016/7/20,0,52,252,818
2016/7/21,95,58,251,3021
2016/7/22,138,49,269,3500
2016/7/23,138,30,305,3325
2016/7/24,85,42,268,1824
2016/7/25,137,46,254,3494
2016/7/26,136,40,276,3488
2016/7/27,135,35,300,3433
2016/7/28,135,28,331,3338
2016/7/29,93,32,331,2750
2016/7/30,122,31,343,2714
2016/7/31,119,29,342,2727
2016/8/1,126,28,338,2922
2016/8/2,119,30,329,3016
2016/8/3,111,39,278,2689
2016/8/4,112,47,287,2611
2016/8/5,116,44,309,2699
2016/8/6,82,36,332,2353
2016/8/7,121,48,301,2530
2016/8/8,94,47,291,2117
2016/8/9,84,67,226,1891
2016/8/10,128,57,240,3338
2016/8/11,130,47,251,2720
2016/8/12,124,43,263,2895
2016/8/13,95,44,266,2132
2016/8/14,79,42,279,2237
2016/8/15,70,45,275,2005
2016/8/16,14,36,291,1092
2016/8/17,46,51,247,1167
2016/8/18,125,50,249,3058
2016/8/19,128,44,264,3015
2016/8/20,119,47,265,2976
2016/8/21,39,38,267,1714
2016/8/22,82,46,267,2406
2016/8/23,34,43,264,1474
2016/8/24,0,48,233,1006
2016/8/25,117,45,248,2942
2016/8/26,115,46,242,2882
2016/8/27,76,41,261,2148
2016/8/28,0,45,243,1056
2016/8/29,118,48,243,2851
2016/8/30,120,43,238,2834
2016/8/31,96,40,249,2189
2016/9/1,49,38,251,1247
2016/9/2,116,52,205,2863
2016/9/3,122,36,206,2830
2016/9/4,81,32,220,2142
2016/9/5,107,36,217,2647
2016/9/6,121,36,231,2567
2016/9/7,97,36,238,2422
2016/9/8,68,44,219,1707
2016/9/9,119,46,219,2531
2016/9/10,113,34,234,2215
2016/9/11,92,43,235,1914
2016/9/12,117,43,228,2517
2016/9/13,117,32,234,2538
2016/9/14,114,25,264,2029
2016/9/15,107,42,231,2009
2016/9/16,117,52,205,2421
2016/9/17,116,46,207,2231
2016/9/18,106,41,210,1899
2016/9/19,116,44,226,2211
2016/9/20,114,40,227,2218
2016/9/21,112,45,218,2032
2016/9/22,96,44,211,1781
2016/9/23,112,32,218,2236
2016/9/24,71,47,184,1385
2016/9/25,58,68,159,1325
2016/9/26,111,67,150,2143
2016/9/27,103,59,166,1943
2016/9/28,112,57,168,1899
2016/9/29,106,53,155,1960
2016/9/30,109,54,164,2019
2016/10/1,107,51,175,1893
2016/10/2,81,43,178,1653
2016/10/3,6,61,126,176
2016/10/4,93,70,99,1861
2016/10/5,95,65,90,1657
2016/10/6,102,68,91,1829
2016/10/7,103,66,67,1965
2016/10/8,93,60,77,1745
2016/10/9,90,59,86,1754
2016/10/10,90,60,100,1718
2016/10/11,83,62,114,1484
2016/10/12,90,58,117,1702
2016/10/13,98,50,129,1726
2016/10/14,93,46,133,1664
2016/10/15,57,47,113,1352
2016/10/16,96,47,120,1586
2016/10/17,93,55,107,1600
2016/10/18,79,49,116,1504
2016/10/19,75,49,111,1245
2016/10/20,80,40,97,1516
2016/10/21,87,44,71,1575
2016/10/22,82,45,72,1453
2016/10/23,47,47,86,1047
2016/10/24,78,57,69,1407
2016/10/25,72,45,57,1237
2016/10/26,81,40,46,1348
2016/10/27,78,43,20,1486
2016/10/28,78,43,-3,1286
2016/10/29,50,43,43,873
2016/10/30,81,51,11,1372
2016/10/31,71,42,26,1209
2016/11/1,81,41,26,1313
2016/11/2,78,44,37,1236
2016/11/3,77,49,44,1194
2016/11/4,77,43,60,1173
2016/11/5,17,44,71,607
2016/11/6,56,63,36,968
2016/11/7,79,59,13,1297
2016/11/8,77,57,2,1225
2016/11/9,58,48,21,932
2016/11/10,79,50,12,1220
2016/11/11,64,47,43,962
2016/11/12,77,48,27,1084
2016/11/13,51,55,25,794
2016/11/14,64,61,15,944
2016/11/15,71,54,22,1069
2016/11/16,77,53,33,991
2016/11/17,60,48,30,975
2016/11/18,17,63,13,493
2016/11/19,73,52,-38,966
2016/11/20,70,46,-47,941
2016/11/21,71,31,-29,962
2016/11/22,71,46,-73,895
2016/11/23,33,61,-71,789
2016/11/24,63,56,-41,928
2016/11/25,72,44,-33,905
2016/11/26,76,52,-44,941
2016/11/27,64,57,-49,788
2016/11/28,39,58,-40,604
2016/11/29,80,63,-53,919
2016/11/30,79,64,-61,917
2016/12/1,78,66,-61,874
2016/12/2,68,69,-55,836
2016/12/3,57,68,-53,744
2016/12/4,62,61,-38,706
2016/12/5,67,63,-39,804
2016/12/6,65,59,-35,696
2016/12/7,77,57,-21,740
2016/12/8,46,62,-33,641
2016/12/9,76,59,-7,792
2016/12/10,48,61,-22,611
2016/12/11,44,62,-27,635
2016/12/12,70,60,-11,733
2016/12/13,76,70,-37,815
2016/12/14,69,68,-36,740
2016/12/15,76,64,-19,792
2016/12/16,76,68,-38,733.4727
2016/12/17,72,73,-50,703.8
2016/12/18,68,70,-50,698.8727
2016/12/19,66,65,-34,696.2545
2016/12/20,41,66,-27,663
2016/12/21,74,67,-47,754
2016/12/22,70,65,-50,702
2016/12/23,66,60,-45,689
2016/12/24,0,75,-66,311
2016/12/25,0,87,-54,585
2016/12/26,76,75,-70,823
2016/12/27,19,79,-108,618
2016/12/28,70,81,-112,728
2016/12/29,69,78,-100,803
2016/12/30,67,80,-111,807
2016/12/31,56,79,-71,759
